Entity,Code,Year,"Outbound mobility ratio, all regions, both sexes (%)"
Afghanistan,AFG,2003,11.8251895904541
Afghanistan,AFG,2004,11.481840133667
Afghanistan,AFG,2009,5.82507991790771
Afghanistan,AFG,2011,9.67016983032227
Albania,ALB,1998,12.801520347595199
Albania,ALB,1999,12.168199539184599
Albania,ALB,2000,14.521050453186
Albania,ALB,2001,18.0767498016357
Albania,ALB,2002,20.4175701141357
Albania,ALB,2003,26.3196697235107
Albania,ALB,2004,25.7385597229004
Albania,ALB,2005,24.092359542846697
Albania,ALB,2006,23.365709304809602
Albania,ALB,2007,22.943780899047898
Albania,ALB,2008,23.1722793579102
Albania,ALB,2009,24.408109664917003
Albania,ALB,2010,19.4668807983398
Albania,ALB,2011,18.8786792755127
Albania,ALB,2012,15.2139196395874
Albania,ALB,2013,13.9556798934937
Algeria,DZA,1999,3.8373401165008505
Algeria,DZA,2001,2.81754994392395
Algeria,DZA,2002,2.75816011428833
Algeria,DZA,2003,3.1173899173736603
Algeria,DZA,2004,3.44281005859375
Algeria,DZA,2005,3.12697005271912
Algeria,DZA,2006,3.0579099655151403
Algeria,DZA,2007,2.55855989456177
Algeria,DZA,2009,1.9592399597168002
Algeria,DZA,2010,1.99690997600555
Algeria,DZA,2011,2.01602005958557
Algeria,DZA,2012,2.0409300327301003
Algeria,DZA,2013,1.65223002433777
Andorra,AND,2002,267.22845458984403
Andorra,AND,2003,293.137237548828
Andorra,AND,2004,369.788513183594
Andorra,AND,2005,317.236846923828
Andorra,AND,2006,76.034912109375
Andorra,AND,2008,261.35076904296903
Andorra,AND,2012,267.413452148438
Andorra,AND,2013,218.855285644531
Angola,AGO,1998,62.2885894775391
Angola,AGO,1999,68.1070709228516
Angola,AGO,2002,48.1656913757324
Angola,AGO,2003,14.1911001205444
Angola,AGO,2004,18.7117004394531
Angola,AGO,2005,16.6445293426514
Angola,AGO,2006,16.9787902832031
Angola,AGO,2011,5.633409976959231
Angola,AGO,2013,3.1764099597930895
Antigua and Barbuda,ATG,2009,64.86660003662111
Antigua and Barbuda,ATG,2010,56.5811996459961
Antigua and Barbuda,ATG,2011,58.7369613647461
Antigua and Barbuda,ATG,2012,30.9988803863525
Arab World,,1997,4.12284994125366
Arab World,,1998,3.7892599105835
Arab World,,1999,3.43269991874695
Arab World,,2000,3.45303010940552
Arab World,,2001,3.3877100944519003
Arab World,,2002,3.47072005271912
Arab World,,2003,3.58957004547119
Arab World,,2004,3.3551099300384504
Arab World,,2005,3.19501996040344
Arab World,,2006,3.13643002510071
Arab World,,2007,3.04317998886108
Arab World,,2008,3.07477998733521
Arab World,,2009,3.14963006973267
Arab World,,2010,3.2163500785827597
Arab World,,2011,3.49246001243591
Arab World,,2012,3.5869300365448
Arab World,,2013,3.63486003875732
Argentina,ARG,1998,0.374509990215302
Argentina,ARG,1999,0.36616998910903903
Argentina,ARG,2000,0.389759987592697
Argentina,ARG,2001,0.35831999778747603
Argentina,ARG,2002,0.392639994621277
Argentina,ARG,2003,0.45181000232696505
Argentina,ARG,2004,0.39285001158714294
Argentina,ARG,2005,0.39743000268936207
Argentina,ARG,2006,0.37814000248909
Argentina,ARG,2007,0.377909988164902
Argentina,ARG,2008,0.40667000412940996
Argentina,ARG,2009,0.378450006246567
Argentina,ARG,2010,0.38688999414444
Argentina,ARG,2011,0.35030999779701194
Argentina,ARG,2012,0.296070009469986
Armenia,ARM,1998,2.20233011245728
Armenia,ARM,1999,2.04606008529663
Armenia,ARM,2000,2.14141011238098
Armenia,ARM,2001,2.6749498844146697
Armenia,ARM,2002,2.3364200592041002
Armenia,ARM,2003,3.0040700435638397
Armenia,ARM,2004,2.64827990531921
Armenia,ARM,2005,2.96816992759705
Armenia,ARM,2006,2.9415900707244904
Armenia,ARM,2007,2.8833999633789102
Armenia,ARM,2008,3.7466299533844
Armenia,ARM,2009,3.7045900821685804
Armenia,ARM,2010,4.2887902259826705
Armenia,ARM,2011,4.88245010375977
Armenia,ARM,2012,5.54102993011475
Armenia,ARM,2013,5.63566017150879
Aruba,ABW,1999,5.60165977478027
Aruba,ABW,2000,7.921420097351071
Aruba,ABW,2001,6.708849906921389
Aruba,ABW,2002,17.4623107910156
Aruba,ABW,2003,5.681819915771481
Aruba,ABW,2004,11.8544597625732
Aruba,ABW,2005,5.28014993667603
Aruba,ABW,2006,6.752630233764651
Aruba,ABW,2007,6.3888897895813
Aruba,ABW,2008,3.84180998802185
Aruba,ABW,2009,9.09228992462158
Aruba,ABW,2010,17.0815505981445
Aruba,ABW,2011,5.119929790496831
Aruba,ABW,2012,4.04426002502441
Australia,AUS,1998,0.581130027770996
Australia,AUS,1999,0.621659994125366
Australia,AUS,2000,0.6477699875831601
Australia,AUS,2001,0.6183199882507321
Australia,AUS,2002,0.577329993247986
Australia,AUS,2003,0.633910000324249
Australia,AUS,2004,0.8938699960708621
Australia,AUS,2005,0.92493999004364
Australia,AUS,2006,0.9409000277519229
Australia,AUS,2007,0.949029982089996
Australia,AUS,2008,0.877960026264191
Australia,AUS,2009,0.8536900281906129
Australia,AUS,2010,0.8326600193977359
Australia,AUS,2011,0.816100001335144
Australia,AUS,2012,0.812449991703033
Australia,AUS,2013,0.8378199934959408
Austria,AUT,1998,4.67600011825562
Austria,AUT,1999,4.64307022094727
Austria,AUT,2000,4.54086017608643
Austria,AUT,2001,4.521999835968019
Austria,AUT,2002,5.62984991073608
Austria,AUT,2003,5.65606021881104
Austria,AUT,2004,5.100619792938231
Austria,AUT,2005,4.73632001876831
Austria,AUT,2006,3.92609000205994
Austria,AUT,2007,4.01512002944946
Austria,AUT,2008,3.59296989440918
Austria,AUT,2009,3.7583000659942596
Austria,AUT,2010,3.6595098972320597
Austria,AUT,2011,3.83525991439819
Austria,AUT,2012,4.0428900718689
Austria,AUT,2013,3.6973900794982897
Azerbaijan,AZE,2006,2.51746988296509
Azerbaijan,AZE,2007,2.65602993965149
Azerbaijan,AZE,2008,4.01905012130737
Azerbaijan,AZE,2009,5.58064985275269
Azerbaijan,AZE,2010,7.91048002243042
Azerbaijan,AZE,2011,10.504110336303699
Azerbaijan,AZE,2012,9.08743000030518
Bahrain,BHR,1999,17.2338905334473
Bahrain,BHR,2003,13.218720436096199
Bahrain,BHR,2005,17.7034091949463
Bahrain,BHR,2006,18.6536598205566
Bahrain,BHR,2011,12.296790122985803
Bahrain,BHR,2012,13.152669906616199
Bangladesh,BGD,1999,1.01082003116608
Bangladesh,BGD,2000,1.08814001083374
Bangladesh,BGD,2001,1.07173001766205
Bangladesh,BGD,2002,1.3532299995422399
Bangladesh,BGD,2003,1.7529799938201898
Bangladesh,BGD,2004,1.7637100219726598
Bangladesh,BGD,2005,1.58183002471924
Bangladesh,BGD,2006,1.37858998775482
Bangladesh,BGD,2007,1.3756999969482402
Bangladesh,BGD,2008,1.28301000595093
Bangladesh,BGD,2009,1.22277998924255
Bangladesh,BGD,2011,1.12575995922089
Bangladesh,BGD,2012,1.1138299703598
Barbados,BRB,1999,18.2357196807861
Barbados,BRB,2000,17.742139816284197
Barbados,BRB,2001,17.3349990844727
Barbados,BRB,2007,13.3586101531982
Barbados,BRB,2009,9.73610973358154
Barbados,BRB,2010,9.71735000610352
Barbados,BRB,2011,9.94005012512207
Belarus,BLR,1998,1.68849003314972
Belarus,BLR,1999,1.6060500144958503
Belarus,BLR,2000,1.6232399940490703
Belarus,BLR,2001,1.48124003410339
Belarus,BLR,2002,1.8043600320816002
Belarus,BLR,2003,1.55386996269226
Belarus,BLR,2004,2.08728003501892
Belarus,BLR,2005,2.14058995246887
Belarus,BLR,2006,2.2641499042511
Belarus,BLR,2007,2.66569995880127
Belarus,BLR,2008,5.46834993362427
Belarus,BLR,2009,5.15120983123779
Belarus,BLR,2010,6.12606000900269
Belarus,BLR,2011,6.91290998458862
Belarus,BLR,2012,7.08018016815186
Belarus,BLR,2013,6.38568019866943
Belgium,BEL,1999,2.75251007080078
Belgium,BEL,2000,2.84097003936768
Belgium,BEL,2001,2.93848991394043
Belgium,BEL,2002,2.9653699398040803
Belgium,BEL,2003,3.17329001426697
Belgium,BEL,2004,2.61217999458313
Belgium,BEL,2005,2.5576601028442405
Belgium,BEL,2006,2.64722990989685
Belgium,BEL,2007,2.6885499954223597
Belgium,BEL,2008,2.4484899044036896
Belgium,BEL,2009,2.44916009902954
Belgium,BEL,2010,2.5232698917388903
Belgium,BEL,2011,2.64843010902405
Belgium,BEL,2012,2.77507996559143
Belgium,BEL,2013,3.3441801071167006
Belize,BLZ,2001,18.4827995300293
Belize,BLZ,2002,15.9156398773193
Belize,BLZ,2003,17.7224903106689
Belize,BLZ,2004,19.4687900543213
Belize,BLZ,2005,17.4935703277588
Belize,BLZ,2006,16.069860458374
Belize,BLZ,2007,14.1025495529175
Belize,BLZ,2008,15.0872001647949
Belize,BLZ,2009,12.710020065307601
Belize,BLZ,2010,12.371580123901401
Belize,BLZ,2011,11.644510269165002
Belize,BLZ,2012,9.450480461120609
Belize,BLZ,2013,8.91018009185791
Benin,BEN,1999,12.443699836731
Benin,BEN,2000,11.331219673156701
Benin,BEN,2001,9.56293964385986
Benin,BEN,2002,8.73915958404541
Benin,BEN,2003,9.32691955566406
Benin,BEN,2004,9.24083995819092
Benin,BEN,2005,9.48416996002197
Benin,BEN,2006,8.69340991973877
Benin,BEN,2007,6.80067014694214
Benin,BEN,2008,6.75565004348755
Benin,BEN,2009,4.83544015884399
Benin,BEN,2010,3.5924499034881605
Benin,BEN,2011,3.7410099506378196
Bermuda,BMU,2006,89.6937103271484
Bermuda,BMU,2007,117.48381042480499
Bermuda,BMU,2008,110.89743804931601
Bermuda,BMU,2009,84.4070281982422
Bermuda,BMU,2010,93.9322280883789
Bermuda,BMU,2011,93.0273666381836
Bermuda,BMU,2012,112.12832641601601
Bermuda,BMU,2013,131.860458374023
Bhutan,BTN,1999,56.99797058105471
Bhutan,BTN,2005,27.4247093200684
Bhutan,BTN,2006,27.979059219360398
Bhutan,BTN,2007,29.9116897583008
Bhutan,BTN,2008,28.9210090637207
Bhutan,BTN,2009,36.665309906005895
Bhutan,BTN,2010,38.1263313293457
Bhutan,BTN,2011,32.927318572998
Bhutan,BTN,2012,45.452701568603494
Bhutan,BTN,2013,40.46921920776371
Bolivia,BOL,1998,1.0312600135803198
Bolivia,BOL,1999,0.93190997838974
Bolivia,BOL,2000,0.9166899919509891
Bolivia,BOL,2001,0.9266899824142459
Bolivia,BOL,2002,1.02313005924225
Bolivia,BOL,2003,1.0546300411224399
Bolivia,BOL,2004,0.959689974784851
Bolivia,BOL,2007,2.5675599575042702
Bosnia and Herzegovina,BIH,2000,24.272560119628896
Bosnia and Herzegovina,BIH,2001,23.9728107452393
Bosnia and Herzegovina,BIH,2002,20.9186096191406
Bosnia and Herzegovina,BIH,2003,22.526109695434602
Bosnia and Herzegovina,BIH,2004,20.3973407745361
Bosnia and Herzegovina,BIH,2005,19.5648593902588
Bosnia and Herzegovina,BIH,2006,16.0327491760254
Bosnia and Herzegovina,BIH,2007,14.8724203109741
Bosnia and Herzegovina,BIH,2008,14.5968103408813
Bosnia and Herzegovina,BIH,2009,12.118909835815401
Bosnia and Herzegovina,BIH,2010,11.9001903533936
Bosnia and Herzegovina,BIH,2011,11.0861301422119
Bosnia and Herzegovina,BIH,2012,10.7318601608276
Bosnia and Herzegovina,BIH,2013,9.6478796005249
Botswana,BWA,1999,28.806669235229503
Botswana,BWA,2000,33.5464096069336
Botswana,BWA,2001,61.540699005127
Botswana,BWA,2002,67.97708129882811
Botswana,BWA,2003,48.1335296630859
Botswana,BWA,2004,53.0348510742188
Botswana,BWA,2005,43.198158264160206
Botswana,BWA,2006,36.36684036254879
Botswana,BWA,2007,23.278079986572298
Botswana,BWA,2008,15.5957202911377
Botswana,BWA,2009,21.174879074096697
Botswana,BWA,2010,21.312679290771502
Botswana,BWA,2011,16.8344993591309
Botswana,BWA,2013,7.97002983093262
Brazil,BRA,1998,0.725899994373322
Brazil,BRA,1999,0.66210001707077
Brazil,BRA,2000,0.621079981327057
Brazil,BRA,2001,0.558719992637634
Brazil,BRA,2002,0.545310020446777
Brazil,BRA,2003,0.502879977226257
Brazil,BRA,2004,0.45109999179840105
Brazil,BRA,2005,0.424809992313385
Brazil,BRA,2007,0.408369988203049
Brazil,BRA,2008,0.38607001304626504
Brazil,BRA,2009,0.429069995880127
Brazil,BRA,2010,0.423539996147156
Brazil,BRA,2011,0.421660006046295
Brazil,BRA,2012,0.41753000020980796
Brazil,BRA,2013,0.43766999244689897
Brunei,BRN,1998,71.7175216674805
Brunei,BRN,1999,60.080970764160206
Brunei,BRN,2000,54.6812210083008
Brunei,BRN,2001,45.181510925293
Brunei,BRN,2002,45.405158996582
Brunei,BRN,2003,42.5868911743164
Brunei,BRN,2004,39.6786689758301
Brunei,BRN,2005,49.1937103271484
Brunei,BRN,2006,42.3832015991211
Brunei,BRN,2007,48.3724517822266
Brunei,BRN,2008,51.845909118652294
Brunei,BRN,2009,51.2199096679688
Brunei,BRN,2010,57.565788269043
Brunei,BRN,2011,51.6939086914063
Brunei,BRN,2012,42.586368560791
Brunei,BRN,2013,38.255989074706996
Bulgaria,BGR,1998,3.81630992889404
Bulgaria,BGR,1999,3.7311599254608194
Bulgaria,BGR,2000,4.49793004989624
Bulgaria,BGR,2001,5.8531198501586905
Bulgaria,BGR,2002,8.06906986236572
Bulgaria,BGR,2003,9.65482997894287
Bulgaria,BGR,2004,10.8036699295044
Bulgaria,BGR,2005,10.792229652404801
Bulgaria,BGR,2006,10.468870162963901
Bulgaria,BGR,2007,9.50605010986328
Bulgaria,BGR,2008,8.79386043548584
Bulgaria,BGR,2009,8.61931991577148
Bulgaria,BGR,2010,8.412059783935549
Bulgaria,BGR,2011,8.51519012451172
Bulgaria,BGR,2012,8.83047008514404
Bulgaria,BGR,2013,8.6719799041748
Burkina Faso,BFA,1999,13.150440216064501
Burkina Faso,BFA,2001,11.4014797210693
Burkina Faso,BFA,2002,10.639030456542999
Burkina Faso,BFA,2003,10.6394901275635
Burkina Faso,BFA,2005,8.22933006286621
Burkina Faso,BFA,2006,8.84051036834717
Burkina Faso,BFA,2007,8.33473968505859
Burkina Faso,BFA,2008,7.00246000289917
Burkina Faso,BFA,2009,6.0560598373413095
Burkina Faso,BFA,2010,6.43031978607178
Burkina Faso,BFA,2011,5.56424999237061
Burkina Faso,BFA,2012,5.051109790802
Burkina Faso,BFA,2013,4.91418981552124
Burundi,BDI,1998,19.6149501800537
Burundi,BDI,1999,17.232479095459002
Burundi,BDI,2000,14.3427896499634
Burundi,BDI,2001,15.085069656372099
Burundi,BDI,2002,9.326239585876461
Burundi,BDI,2004,5.9719500541687
Burundi,BDI,2005,5.53446006774902
Burundi,BDI,2006,6.036240100860599
Burundi,BDI,2007,6.34933996200562
Burundi,BDI,2008,6.569439888000491
Burundi,BDI,2009,6.390009880065921
Burundi,BDI,2010,5.48925018310547
Burundi,BDI,2011,6.58003997802734
Burundi,BDI,2012,5.173200130462651
Burundi,BDI,2013,4.492780208587651
Cambodia,KHM,2000,7.5295901298522905
Cambodia,KHM,2001,6.9522199630737305
Cambodia,KHM,2002,6.0713200569152805
Cambodia,KHM,2003,5.48268985748291
Cambodia,KHM,2004,5.415949821472171
Cambodia,KHM,2005,4.36518001556396
Cambodia,KHM,2006,2.78011989593506
Cambodia,KHM,2007,2.4853498935699503
Cambodia,KHM,2008,2.2638700008392303
Cambodia,KHM,2009,2.28621006011963
Cambodia,KHM,2010,2.1351900100708003
Cambodia,KHM,2011,1.9050500392913798
Cameroon,CMR,1999,14.5615997314453
Cameroon,CMR,2000,16.3117694854736
Cameroon,CMR,2001,16.6512298583984
Cameroon,CMR,2002,15.8123598098755
Cameroon,CMR,2003,17.7619590759277
Cameroon,CMR,2004,17.6141204833984
Cameroon,CMR,2005,15.8882503509521
Cameroon,CMR,2006,13.773150444030799
Cameroon,CMR,2007,13.225600242614698
Cameroon,CMR,2008,12.7711601257324
Cameroon,CMR,2009,11.3096303939819
Cameroon,CMR,2010,9.49306964874268
Cameroon,CMR,2011,9.41950035095215
Canada,CAN,1998,2.4902501106262203
Canada,CAN,1999,2.48661994934082
Canada,CAN,2000,2.54623007774353
Cape Verde,CPV,1999,292.634552001953
Cape Verde,CPV,2000,258.685577392578
Cape Verde,CPV,2001,343.567260742188
Cape Verde,CPV,2002,163.68586730957
Cape Verde,CPV,2003,161.32214355468798
Cape Verde,CPV,2004,131.022964477539
Cape Verde,CPV,2005,114.06552124023399
Cape Verde,CPV,2006,107.347640991211
Cape Verde,CPV,2007,102.086410522461
Cape Verde,CPV,2008,51.38130187988279
Cape Verde,CPV,2009,39.0913581848145
Cape Verde,CPV,2010,31.8069801330566
Cape Verde,CPV,2011,26.1657600402832
Cape Verde,CPV,2012,26.406780242919897
Cape Verde,CPV,2013,35.4396514892578
Cayman Islands,CYM,1999,5.37974977493286
Cayman Islands,CYM,2000,3.97196006774902
Cayman Islands,CYM,2001,3.9370100498199503
Cayman Islands,CYM,2002,17.2642803192139
Cayman Islands,CYM,2003,26.6666698455811
Cayman Islands,CYM,2006,63.315700531005895
Cayman Islands,CYM,2007,61.980831146240206
Cayman Islands,CYM,2008,39.0350914001465
Central African Republic,CAF,1999,8.97414970397949
Central African Republic,CAF,2000,17.2000598907471
Central African Republic,CAF,2004,15.1000499725342
Central African Republic,CAF,2006,20.895330429077102
Central African Republic,CAF,2008,10.112879753112802
Central African Republic,CAF,2009,8.21807956695557
Central African Republic,CAF,2010,10.2384300231934
Central African Republic,CAF,2011,7.69324016571045
Central African Republic,CAF,2012,8.177610397338869
Chad,TCD,1998,49.822879791259794
Chad,TCD,2000,40.789699554443395
Chad,TCD,2001,39.567310333252
Chad,TCD,2003,36.1437492370605
Chad,TCD,2004,26.441049575805696
Chad,TCD,2005,22.1409893035889
Chad,TCD,2008,17.4956092834473
Chad,TCD,2009,17.0967597961426
Chad,TCD,2010,16.19753074646
Chad,TCD,2011,15.960280418396001
Chile,CHL,1998,1.12704002857208
Chile,CHL,1999,1.0412399768829301
Chile,CHL,2000,1.12124001979828
Chile,CHL,2002,1.1279200315475502
Chile,CHL,2003,1.2002899646759
Chile,CHL,2004,0.969569981098175
Chile,CHL,2005,1.15609002113342
Chile,CHL,2006,0.9549199938774109
Chile,CHL,2007,0.8199099898338321
Chile,CHL,2008,0.884530007839203
Chile,CHL,2009,0.940659999847412
Chile,CHL,2010,0.9241099953651429
Chile,CHL,2011,0.9288600087165829
Chile,CHL,2012,0.797609984874725
Chile,CHL,2013,0.7612000107765201
China,CHN,1998,1.97298002243042
China,CHN,1999,1.9334499835968
China,CHN,2000,1.91777002811432
China,CHN,2001,1.7624800205230702
China,CHN,2002,1.84868001937866
China,CHN,2003,2.05961990356445
China,CHN,2004,2.0226600170135502
China,CHN,2005,1.9587500095367398
China,CHN,2006,1.7434500455856299
China,CHN,2007,1.69790005683899
China,CHN,2008,1.72298002243042
China,CHN,2009,1.76590001583099
China,CHN,2010,1.8313599824905402
China,CHN,2011,2.0781400203704803
China,CHN,2012,2.12965989112854
China,CHN,2013,2.08896994590759
Colombia,COL,1998,1.1196399927139298
Colombia,COL,1999,1.15190005302429
Colombia,COL,2000,1.2883199453353897
Colombia,COL,2001,1.3391400575637802
Colombia,COL,2002,1.69573998451233
Colombia,COL,2004,1.5692800283432
Colombia,COL,2005,1.44992005825043
Colombia,COL,2006,1.3352299928665199
Colombia,COL,2007,1.33934998512268
Colombia,COL,2008,1.35196995735168
Colombia,COL,2009,1.4070099592208898
Colombia,COL,2010,1.45670998096466
Colombia,COL,2011,1.3860900402069098
Colombia,COL,2012,1.2825200557708702
Colombia,COL,2013,1.2093900442123402
Comoros,COM,1999,361.94143676757795
Comoros,COM,2000,324.754913330078
Comoros,COM,2003,142.703842163086
Comoros,COM,2007,118.35025024414101
Comoros,COM,2009,79.318489074707
Comoros,COM,2010,95.5912017822266
Comoros,COM,2011,71.0596694946289
Comoros,COM,2012,70.5280990600586
Comoros,COM,2013,67.0844192504883
Congo,COG,1999,49.80863952636721
Congo,COG,2000,33.8233413696289
Congo,COG,2001,39.6068000793457
Congo,COG,2002,49.6850509643555
Congo,COG,2003,53.9772605895996
Congo,COG,2009,35.9259796142578
Congo,COG,2011,27.6497402191162
Congo,COG,2012,23.376539230346697
Congo,COG,2013,21.7828807830811
Costa Rica,CRI,2004,1.4940799474716202
Costa Rica,CRI,2011,1.0391800403595
Costa Rica,CRI,2012,1.0313299894332901
Costa Rica,CRI,2013,1.03454005718231
Cote d'Ivoire,CIV,1999,4.31211996078491
Cote d'Ivoire,CIV,2007,4.1582498550414995
Cote d'Ivoire,CIV,2009,4.43319988250732
Cote d'Ivoire,CIV,2010,4.97700977325439
Cote d'Ivoire,CIV,2012,9.55634021759033
Cote d'Ivoire,CIV,2013,4.154719829559331
Croatia,HRV,1998,12.641489982605
Croatia,HRV,1999,11.8845701217651
Croatia,HRV,2000,12.6093997955322
Croatia,HRV,2001,12.0891599655151
Croatia,HRV,2002,11.5010404586792
Croatia,HRV,2003,11.024359703064
Croatia,HRV,2004,10.737409591674801
Croatia,HRV,2005,9.95458984375
Croatia,HRV,2006,6.493859767913821
Croatia,HRV,2007,6.37974977493286
Croatia,HRV,2008,6.60963010787964
Croatia,HRV,2009,7.079339981079099
Croatia,HRV,2010,6.6503000259399405
Croatia,HRV,2011,6.46295022964478
Croatia,HRV,2012,5.7546901702880895
Cuba,CUB,1998,1.26965999603271
Cuba,CUB,1999,0.8633999824523929
Cuba,CUB,2000,1.05751001834869
Cuba,CUB,2001,0.9037799835205079
Cuba,CUB,2002,0.724919974803925
Cuba,CUB,2003,0.736029982566834
Cuba,CUB,2004,0.30237001180648804
Cuba,CUB,2005,0.271970003843308
Cuba,CUB,2006,0.20239000022411302
Cuba,CUB,2007,0.166759997606277
Cuba,CUB,2008,0.16124999523162803
Cuba,CUB,2009,0.18072000145912195
Cuba,CUB,2010,0.264519989490509
Cuba,CUB,2011,0.320760011672974
Cuba,CUB,2012,0.39239999651908897
Cuba,CUB,2013,0.48736000061035206
Cyprus,CYP,1999,124.940048217773
Cyprus,CYP,2000,159.587249755859
Cyprus,CYP,2001,139.053909301758
Cyprus,CYP,2002,101.064483642578
Cyprus,CYP,2003,93.2273406982422
Cyprus,CYP,2004,91.23458862304692
Cyprus,CYP,2005,106.355209350586
Cyprus,CYP,2006,93.5007476806641
Cyprus,CYP,2007,103.828681945801
Cyprus,CYP,2008,94.9301910400391
Cyprus,CYP,2009,83.0509490966797
Cyprus,CYP,2010,83.9486389160156
Cyprus,CYP,2011,84.0012283325195
Cyprus,CYP,2012,84.5067977905273
Czechia,CZE,1998,1.9042899608612098
Czechia,CZE,1999,1.7956600189209
Czechia,CZE,2000,1.79391002655029
Czechia,CZE,2001,2.0285398960113503
Czechia,CZE,2002,2.1435999870300297
Czechia,CZE,2003,2.4006099700927703
Czechia,CZE,2004,2.10543990135193
Czechia,CZE,2005,2.0460999011993404
Czechia,CZE,2006,2.0517199039459197
Czechia,CZE,2007,1.9910199642181399
Czechia,CZE,2008,2.39515995979309
Czechia,CZE,2009,2.52921009063721
Czechia,CZE,2010,2.61811995506287
Czechia,CZE,2011,2.66820001602173
Czechia,CZE,2012,2.74584007263184
Czechia,CZE,2013,2.9290599822998
Democratic Republic of Congo,COD,1999,7.34823989868164
Democratic Republic of Congo,COD,2006,1.36056995391846
Democratic Republic of Congo,COD,2007,1.37812995910645
Democratic Republic of Congo,COD,2008,1.2365399599075302
Democratic Republic of Congo,COD,2009,1.08125996589661
Democratic Republic of Congo,COD,2011,1.10689997673035
Democratic Republic of Congo,COD,2012,1.30141997337341
Democratic Republic of Congo,COD,2013,1.30940997600555
Denmark,DNK,1998,3.36217999458313
Denmark,DNK,1999,3.38088011741638
Denmark,DNK,2000,3.48034000396729
Denmark,DNK,2001,3.29493999481201
Denmark,DNK,2002,3.38988995552063
Denmark,DNK,2003,3.34929990768433
Denmark,DNK,2004,2.51241993904114
Denmark,DNK,2005,2.33186006546021
Denmark,DNK,2006,2.2627699375152597
Denmark,DNK,2007,2.18811011314392
Denmark,DNK,2008,2.15250992774963
Denmark,DNK,2009,2.2091100215911896
Denmark,DNK,2010,2.2150499820709197
Denmark,DNK,2011,2.34193992614746
Denmark,DNK,2012,2.12139010429382
Denmark,DNK,2013,1.8044500350952102
Djibouti,DJI,1999,670.857116699219
Djibouti,DJI,2000,649.166687011719
Djibouti,DJI,2001,277.289642333984
Djibouti,DJI,2002,217.090194702148
Djibouti,DJI,2003,191.13737487793
Djibouti,DJI,2004,164.718612670898
Djibouti,DJI,2005,125.846908569336
Djibouti,DJI,2006,128.638565063477
Djibouti,DJI,2007,70.3256988525391
Djibouti,DJI,2008,61.241771697998
Djibouti,DJI,2009,55.6552200317383
Djibouti,DJI,2010,55.598030090332
Djibouti,DJI,2011,39.2960815429688
Dominican Republic,DOM,2003,0.708010017871857
Dominican Republic,DOM,2012,0.77538001537323
East Asia and Pacific,,1997,2.1345899105072
East Asia and Pacific,,1998,2.06038999557495
East Asia and Pacific,,1999,1.96896994113922
East Asia and Pacific,,2000,1.85881996154785
East Asia and Pacific,,2001,1.8041599988937398
East Asia and Pacific,,2002,1.9299299716949498
East Asia and Pacific,,2003,2.0348100662231396
East Asia and Pacific,,2004,1.9812699556350701
East Asia and Pacific,,2005,1.9454599618911699
East Asia and Pacific,,2006,1.8227499723434402
East Asia and Pacific,,2007,1.8116500377655
East Asia and Pacific,,2008,1.8298499584198
East Asia and Pacific,,2009,1.86644995212555
East Asia and Pacific,,2010,1.8794100284576398
East Asia and Pacific,,2011,1.97803997993469
East Asia and Pacific,,2012,1.9533400535583503
East Asia and Pacific,,2013,1.92042005062103
East Asia and Pacific (excluding high-income countries),,1997,1.95908999443054
East Asia and Pacific (excluding high-income countries),,1998,1.84062004089355
East Asia and Pacific (excluding high-income countries),,1999,1.67307996749878
East Asia and Pacific (excluding high-income countries),,2000,1.62645995616913
East Asia and Pacific (excluding high-income countries),,2001,1.5648800134658798
East Asia and Pacific (excluding high-income countries),,2002,1.6714600324630702
East Asia and Pacific (excluding high-income countries),,2003,1.8136199712753303
East Asia and Pacific (excluding high-income countries),,2004,1.7800400257110602
East Asia and Pacific (excluding high-income countries),,2005,1.74231004714966
East Asia and Pacific (excluding high-income countries),,2006,1.6208499670028702
East Asia and Pacific (excluding high-income countries),,2007,1.61257994174957
East Asia and Pacific (excluding high-income countries),,2008,1.6433999538421598
East Asia and Pacific (excluding high-income countries),,2009,1.69193994998932
East Asia and Pacific (excluding high-income countries),,2010,1.73027002811432
East Asia and Pacific (excluding high-income countries),,2011,1.8678599596023602
East Asia and Pacific (excluding high-income countries),,2012,1.8622399568557702
East Asia and Pacific (excluding high-income countries),,2013,1.83457005023956
Ecuador,ECU,2008,1.6381299495697002
Ecuador,ECU,2012,1.9061599969863898
Egypt,EGY,1999,0.42315000295639
Egypt,EGY,2001,0.45807000994682295
Egypt,EGY,2002,0.433230012655258
Egypt,EGY,2003,0.4617800116539
Egypt,EGY,2004,0.423680007457733
Egypt,EGY,2005,0.40896001458168
Egypt,EGY,2006,0.41525000333785994
Egypt,EGY,2007,0.4370599985122679
Egypt,EGY,2008,0.4848200082778929
Egypt,EGY,2009,0.49415001273155196
Egypt,EGY,2010,0.541419982910156
Egypt,EGY,2011,0.656120002269745
Egypt,EGY,2012,0.70686000585556
Egypt,EGY,2013,0.7969499826431271
El Salvador,SLV,1998,0.987030029296875
El Salvador,SLV,1999,0.968850016593933
El Salvador,SLV,2000,1.47722005844116
El Salvador,SLV,2001,1.64356994628906
El Salvador,SLV,2002,1.8926899433136002
El Salvador,SLV,2003,2.13381004333496
El Salvador,SLV,2004,1.75952005386353
El Salvador,SLV,2005,1.79799997806549
El Salvador,SLV,2006,1.8526899814605702
El Salvador,SLV,2007,2.0399799346923797
El Salvador,SLV,2008,1.9585599899291999
El Salvador,SLV,2009,2.09903001785278
El Salvador,SLV,2010,2.1094999313354497
El Salvador,SLV,2011,1.4428000450134297
El Salvador,SLV,2012,1.78971004486084
El Salvador,SLV,2013,1.7429200410842902
Equatorial Guinea,GNQ,2000,100.398803710938
Eritrea,ERI,1998,19.4121398925781
Eritrea,ERI,1999,15.598400115966802
Eritrea,ERI,2000,17.708589553833
Eritrea,ERI,2001,15.326430320739698
Eritrea,ERI,2002,18.115369796752898
Eritrea,ERI,2004,17.7166309356689
Eritrea,ERI,2009,8.48503017425537
Eritrea,ERI,2010,8.59350967407227
Estonia,EST,1998,6.761549949646
Estonia,EST,1999,6.54834985733032
Estonia,EST,2000,6.398169994354251
Estonia,EST,2001,6.89002990722656
Estonia,EST,2002,5.91981983184814
Estonia,EST,2003,6.4487199783325195
Estonia,EST,2004,5.32675981521606
Estonia,EST,2005,5.3078498840332005
Estonia,EST,2006,5.0064401626586905
Estonia,EST,2007,4.75155019760132
Estonia,EST,2008,5.171730041503911
Estonia,EST,2009,5.53043985366821
Estonia,EST,2010,5.82005977630615
Estonia,EST,2011,6.22840976715088
Estonia,EST,2012,6.69160985946655
Estonia,EST,2013,6.43710994720459
Eswatini,SWZ,1999,22.9918003082275
Eswatini,SWZ,2000,29.0365104675293
Eswatini,SWZ,2002,40.328330993652294
Eswatini,SWZ,2004,40.1400299072266
Eswatini,SWZ,2005,49.6891098022461
Eswatini,SWZ,2006,56.014289855957
Eswatini,SWZ,2011,49.4651412963867
Eswatini,SWZ,2013,33.339710235595696
Ethiopia,ETH,1998,7.57562017440796
Ethiopia,ETH,1999,6.72402000427246
Ethiopia,ETH,2000,5.29771995544434
Ethiopia,ETH,2001,3.76301002502441
Ethiopia,ETH,2002,3.26298999786377
Ethiopia,ETH,2003,2.3165500164032005
Ethiopia,ETH,2004,1.99509000778198
Ethiopia,ETH,2005,1.85764002799988
Ethiopia,ETH,2008,1.25479996204376
Ethiopia,ETH,2009,1.27207005023956
Ethiopia,ETH,2010,0.9363600015640259
Ethiopia,ETH,2011,1.07175004482269
Ethiopia,ETH,2012,0.8220999836921691
Euro area,,1997,3.26945996284485
Euro area,,1998,3.2373099327087402
Euro area,,1999,3.2896900177002
Euro area,,2000,3.33212995529175
Euro area,,2001,3.26341009140015
Euro area,,2002,3.2038800716400098
Euro area,,2003,3.23175001144409
Euro area,,2004,2.8064401149749796
Euro area,,2005,2.85647988319397
Euro area,,2006,2.80365991592407
Euro area,,2007,2.93261003494263
Euro area,,2008,2.8234100341796897
Euro area,,2009,3.0692100524902304
Euro area,,2010,3.2645800113677996
Euro area,,2011,3.3994200229644798
Euro area,,2012,3.56645011901855
Euro area,,2013,3.70641994476318
Europe and Central Asia,,1997,2.5941801071167
Europe and Central Asia,,1998,2.53628993034363
Europe and Central Asia,,1999,2.48194003105164
Europe and Central Asia,,2000,2.4380300045013397
Europe and Central Asia,,2001,2.3749198913574197
Europe and Central Asia,,2002,2.3631999492645295
Europe and Central Asia,,2003,2.34130001068115
Europe and Central Asia,,2004,2.1775100231170703
Europe and Central Asia,,2005,2.19061994552612
Europe and Central Asia,,2006,2.08083009719849
Europe and Central Asia,,2007,2.14791989326477
Europe and Central Asia,,2008,2.24416995048523
Europe and Central Asia,,2009,2.32918000221252
Europe and Central Asia,,2010,2.4772999286651602
Europe and Central Asia,,2011,2.6488299369812003
Europe and Central Asia,,2012,2.74625992774963
Europe and Central Asia,,2013,2.8211300373077406
Europe and Central Asia (excluding high-income countries),,1997,3.2204999923706095
Europe and Central Asia (excluding high-income countries),,1998,3.1903901100158705
Europe and Central Asia (excluding high-income countries),,1999,3.1798698902130096
Europe and Central Asia (excluding high-income countries),,2000,3.16992998123169
Europe and Central Asia (excluding high-income countries),,2001,3.07747006416321
Europe and Central Asia (excluding high-income countries),,2002,3.2334198951721205
Europe and Central Asia (excluding high-income countries),,2003,3.1146600246429403
Europe and Central Asia (excluding high-income countries),,2004,3.1151099205017103
Europe and Central Asia (excluding high-income countries),,2005,3.1527500152587904
Europe and Central Asia (excluding high-income countries),,2006,2.80902004241943
Europe and Central Asia (excluding high-income countries),,2007,2.85240006446838
Europe and Central Asia (excluding high-income countries),,2008,3.32661008834839
Europe and Central Asia (excluding high-income countries),,2009,3.21835994720459
Europe and Central Asia (excluding high-income countries),,2010,3.38168001174927
Europe and Central Asia (excluding high-income countries),,2011,3.62022995948792
Europe and Central Asia (excluding high-income countries),,2012,3.56977009773254
Europe and Central Asia (excluding high-income countries),,2013,3.50237989425659
European Union,,1997,2.958899974823
European Union,,1998,2.91053009033203
European Union,,1999,2.85370993614197
European Union,,2000,2.85480999946594
European Union,,2001,2.8648099899292006
European Union,,2002,2.84050011634827
European Union,,2003,2.904629945755
European Union,,2004,2.5664598941803
European Union,,2005,2.5850200653076203
European Union,,2006,2.5131299495697
European Union,,2007,2.5971300601959197
European Union,,2008,2.5058801174163796
European Union,,2009,2.67669010162354
European Union,,2010,2.83014988899231
European Union,,2011,2.9891600608825697
European Union,,2012,3.0968599319457994
European Union,,2013,3.24622988700867
Fiji,FJI,2003,14.3438501358032
Fiji,FJI,2004,12.8373603820801
Fiji,FJI,2005,13.478019714355499
Finland,FIN,1998,3.78888988494873
Finland,FIN,1999,3.7749600410461404
Finland,FIN,2000,3.78834009170532
Finland,FIN,2001,3.5793700218200697
Finland,FIN,2002,3.6282899379730202
Finland,FIN,2003,3.58653998374939
Finland,FIN,2004,2.02222990989685
Finland,FIN,2005,1.9137099981308001
Finland,FIN,2006,1.9692499637603798
Finland,FIN,2007,1.95563995838165
Finland,FIN,2008,2.09482002258301
Finland,FIN,2009,2.38320994377136
Finland,FIN,2010,2.43107008934021
Finland,FIN,2011,2.48650002479553
Finland,FIN,2012,2.6357600688934304
Finland,FIN,2013,2.67354011535645
France,FRA,1998,2.30578994750977
France,FRA,1999,2.40116000175476
France,FRA,2000,2.50404000282288
France,FRA,2001,2.58979988098145
France,FRA,2002,2.75204992294312
France,FRA,2003,2.70654988288879
France,FRA,2004,2.15584993362427
France,FRA,2005,2.24715995788574
France,FRA,2006,2.42374992370605
France,FRA,2007,2.50568008422852
France,FRA,2008,2.1287000179290803
France,FRA,2009,2.43671989440918
France,FRA,2010,2.5466101169586204
France,FRA,2011,2.66148996353149
France,FRA,2012,2.77458000183105
France,FRA,2013,3.5951099395752
Gabon,GAB,1999,38.4049186706543
Gabon,GAB,2001,35.516349792480504
Gabon,GAB,2003,41.9998893737793
Georgia,GEO,1999,2.9977600574493395
Georgia,GEO,2000,3.1867001056671103
Georgia,GEO,2001,3.30971002578735
Georgia,GEO,2002,3.53371000289917
Georgia,GEO,2003,3.9040699005127
Georgia,GEO,2004,4.37319993972778
Georgia,GEO,2005,4.23169994354248
Georgia,GEO,2006,5.21162986755371
Georgia,GEO,2007,5.8289299011230495
Georgia,GEO,2008,6.41043996810913
Georgia,GEO,2009,9.280619621276859
Georgia,GEO,2010,8.2651195526123
Georgia,GEO,2011,7.64465999603271
Georgia,GEO,2012,10.0280799865723
Georgia,GEO,2013,8.78514957427979
Germany,DEU,2013,4.284959793090819
Ghana,GHA,2005,6.98793983459473
Ghana,GHA,2006,7.23179006576538
Ghana,GHA,2007,5.49712991714478
Ghana,GHA,2008,4.0682201385498
Ghana,GHA,2009,3.84065008163452
Ghana,GHA,2011,3.1033599376678502
Ghana,GHA,2012,2.97925996780396
Ghana,GHA,2013,2.49423003196716
Greece,GRC,1998,16.5879001617432
Greece,GRC,1999,17.2616901397705
Greece,GRC,2000,15.077779769897498
Greece,GRC,2001,12.9086503982544
Greece,GRC,2002,10.4229297637939
Greece,GRC,2003,8.99983024597168
Greece,GRC,2004,7.9315900802612305
Greece,GRC,2005,6.447289943695071
Greece,GRC,2006,5.27599000930786
Greece,GRC,2007,5.305630207061769
Greece,GRC,2010,4.55347013473511
Greece,GRC,2011,4.44688987731934
Greece,GRC,2012,5.1438498497009295
Grenada,GRD,2009,9.209150314331051
Guatemala,GTM,2002,1.9993000030517598
Guatemala,GTM,2007,1.1755299568176298
Guatemala,GTM,2013,0.9599900245666501
Guinea,GIN,1998,22.2920703887939
Guinea,GIN,2004,16.3291091918945
Guinea,GIN,2005,13.1789903640747
Guinea,GIN,2006,9.01054000854492
Guinea,GIN,2007,6.166429996490481
Guinea,GIN,2008,5.64874982833862
Guinea,GIN,2009,5.50896978378296
Guinea,GIN,2010,5.7977199554443395
Guinea,GIN,2011,6.0341901779174805
Guinea,GIN,2012,6.00924015045166
Guinea,GIN,2013,5.167109966278081
Guinea-Bissau,GNB,2005,24.033739089965803
Guinea-Bissau,GNB,2006,24.198070526123
Guyana,GUY,2003,21.589660644531303
Guyana,GUY,2004,15.7291202545166
Guyana,GUY,2005,15.340519905090302
Guyana,GUY,2006,14.945269584655799
Guyana,GUY,2007,19.0314693450928
Guyana,GUY,2008,19.5401000976563
Guyana,GUY,2009,22.3610305786133
Guyana,GUY,2010,10.4673099517822
Guyana,GUY,2011,19.807580947876
Guyana,GUY,2012,17.274469375610398
Heavily-indebted poor countries,,1997,8.138669967651369
Heavily-indebted poor countries,,1998,7.69225978851318
Heavily-indebted poor countries,,1999,7.35556983947754
Heavily-indebted poor countries,,2000,6.9486198425292995
Heavily-indebted poor countries,,2001,6.45246982574463
Heavily-indebted poor countries,,2002,6.41974020004272
Heavily-indebted poor countries,,2003,6.434130191802981
Heavily-indebted poor countries,,2004,5.84489011764526
Heavily-indebted poor countries,,2005,5.61768007278442
Heavily-indebted poor countries,,2006,5.31171989440918
Heavily-indebted poor countries,,2007,5.22339010238647
Heavily-indebted poor countries,,2008,4.848659992218019
Heavily-indebted poor countries,,2009,4.55029010772705
Heavily-indebted poor countries,,2010,4.279260158538819
Heavily-indebted poor countries,,2011,4.24350023269653
Heavily-indebted poor countries,,2012,4.01293992996216
Heavily-indebted poor countries,,2013,3.7602899074554403
High-income countries,,1997,1.78463995456696
High-income countries,,1998,1.79533994197845
High-income countries,,1999,1.78332996368408
High-income countries,,2000,1.77351999282837
High-income countries,,2001,1.7655099630355802
High-income countries,,2002,1.72832000255585
High-income countries,,2003,1.72715997695923
High-income countries,,2004,1.60737001895905
High-income countries,,2005,1.6186599731445301
High-income countries,,2006,1.5898000001907302
High-income countries,,2007,1.63464999198914
High-income countries,,2008,1.6079100370407098
High-income countries,,2009,1.67976999282837
High-income countries,,2010,1.7094099521636998
High-income countries,,2011,1.75542998313904
High-income countries,,2012,1.8127800226211501
High-income countries,,2013,1.90347003936768
Honduras,HND,1998,1.46075999736786
Honduras,HND,1999,1.34117996692657
Honduras,HND,2000,1.95983004570007
Honduras,HND,2001,1.74282002449036
Honduras,HND,2002,1.7105799913406399
Honduras,HND,2003,1.6275000572204599
Honduras,HND,2004,1.68058001995087
Honduras,HND,2008,1.7350499629974399
Honduras,HND,2010,1.73918998241425
Honduras,HND,2012,1.7769500017166102
Honduras,HND,2013,1.81958997249603
Hong Kong,HKG,2003,23.838560104370103
Hong Kong,HKG,2004,22.8546504974365
Hong Kong,HKG,2005,22.25412940979
Hong Kong,HKG,2006,20.2200603485107
Hong Kong,HKG,2007,17.0546092987061
Hong Kong,HKG,2008,13.3073902130127
Hong Kong,HKG,2009,13.0288000106812
Hong Kong,HKG,2010,12.375989913940401
Hong Kong,HKG,2011,11.565469741821301
Hong Kong,HKG,2012,11.3916501998901
Hong Kong,HKG,2013,10.5944299697876
Hungary,HUN,1998,2.61372995376587
Hungary,HUN,1999,2.31354999542236
Hungary,HUN,2000,2.26602005958557
Hungary,HUN,2001,2.23058009147644
Hungary,HUN,2002,2.23344993591309
Hungary,HUN,2003,2.1124498844146697
Hungary,HUN,2004,1.7825000286102302
Hungary,HUN,2005,1.7381500005722
Hungary,HUN,2006,1.61904001235962
Hungary,HUN,2007,1.66462004184723
Hungary,HUN,2008,1.6912499666213998
Hungary,HUN,2009,1.88457000255585
Hungary,HUN,2010,2.0727300643920903
Hungary,HUN,2011,2.11904001235962
Hungary,HUN,2012,2.06102991104126
Hungary,HUN,2013,2.37149000167847
Iceland,ISL,1998,29.629629135131804
Iceland,ISL,1999,28.7638893127441
Iceland,ISL,2000,25.4917297363281
Iceland,ISL,2001,24.2443199157715
Iceland,ISL,2002,25.8015995025635
Iceland,ISL,2003,22.5679397583008
Iceland,ISL,2004,15.206859588622999
Iceland,ISL,2005,15.3864097595215
Iceland,ISL,2006,15.460209846496598
Iceland,ISL,2007,15.730669975280799
Iceland,ISL,2008,14.372759819030799
Iceland,ISL,2009,15.5663299560547
Iceland,ISL,2010,15.4922199249268
Iceland,ISL,2011,14.3138599395752
Iceland,ISL,2012,14.4012804031372
India,IND,2000,0.662890017032623
India,IND,2001,0.755209982395172
India,IND,2002,0.948199987411499
India,IND,2003,1.05288004875183
India,IND,2004,1.12924003601074
India,IND,2005,1.2399599552154499
India,IND,2006,1.1323599815368701
India,IND,2007,1.0865399837493899
India,IND,2008,1.06701004505157
India,IND,2009,1.09844994544983
India,IND,2010,1.0063400268554699
India,IND,2011,0.7663699984550479
India,IND,2012,0.6608399748802191
India,IND,2013,0.6368799805641171
Indonesia,IDN,1998,1.03366005420685
Indonesia,IDN,1999,0.9782099723815921
Indonesia,IDN,2000,1.1118199825286899
Indonesia,IDN,2001,1.19646000862122
Indonesia,IDN,2002,1.2481700181961102
Indonesia,IDN,2003,1.15339994430542
Indonesia,IDN,2004,0.959159970283508
Indonesia,IDN,2005,0.8941199779510501
Indonesia,IDN,2006,0.848680019378662
Indonesia,IDN,2007,0.8863700032234191
Indonesia,IDN,2008,0.792050004005432
Indonesia,IDN,2009,0.750519990921021
Indonesia,IDN,2010,0.7433400154113771
Indonesia,IDN,2011,0.681529998779297
Indonesia,IDN,2012,0.574029982089996
Iran,IRN,1999,1.7624100446701003
Iran,IRN,2000,1.5447000265121498
Iran,IRN,2001,1.30524003505707
Iran,IRN,2002,1.3359199762344398
Iran,IRN,2003,1.26809000968933
Iran,IRN,2004,1.1806499958038301
Iran,IRN,2005,1.1585199832916298
Iran,IRN,2006,1.00086998939514
Iran,IRN,2007,1.0122100114822399
Iran,IRN,2008,0.9510700106620792
Iran,IRN,2009,1.1688300371170002
Iran,IRN,2010,1.16470003128052
Iran,IRN,2011,1.2038300037384
Iran,IRN,2012,1.15947997570038
Iran,IRN,2013,1.14592003822327
Iraq,IRQ,1999,1.8102600574493402
Iraq,IRQ,2000,1.7274899482727097
Iraq,IRQ,2002,1.5952399969100999
Iraq,IRQ,2004,1.04217004776001
Iraq,IRQ,2005,1.29244005680084
Ireland,IRL,1998,13.7447996139526
Ireland,IRL,1999,12.8433103561401
Ireland,IRL,2000,11.0963296890259
Ireland,IRL,2001,9.362409591674801
Ireland,IRL,2002,8.72412967681885
Ireland,IRL,2003,8.80533981323242
Ireland,IRL,2004,9.31425952911377
Ireland,IRL,2005,10.2816600799561
Ireland,IRL,2006,10.7022199630737
Ireland,IRL,2007,10.197990417480499
Ireland,IRL,2008,10.0777101516724
Ireland,IRL,2009,10.0936803817749
Ireland,IRL,2010,10.313650131225598
Ireland,IRL,2011,10.465609550476099
Ireland,IRL,2012,9.62434005737305
Israel,ISR,1998,4.26982021331787
Israel,ISR,1999,4.17547988891602
Israel,ISR,2000,5.47271013259888
Israel,ISR,2001,5.915019989013669
Israel,ISR,2002,4.12262010574341
Israel,ISR,2003,4.01773977279663
Israel,ISR,2004,3.5454800128936803
Israel,ISR,2005,3.79628992080688
Israel,ISR,2006,3.87908005714417
Israel,ISR,2007,3.776859998703
Israel,ISR,2008,4.08658981323242
Israel,ISR,2009,3.8906500339508097
Israel,ISR,2010,3.78210997581482
Israel,ISR,2011,3.8246400356292702
Israel,ISR,2012,3.80134010314941
Israel,ISR,2013,3.94337010383606
Italy,ITA,1998,2.07592010498047
Italy,ITA,1999,2.20654988288879
Italy,ITA,2000,2.3451800346374503
Italy,ITA,2001,2.33243989944458
Italy,ITA,2002,2.27384996414185
Italy,ITA,2003,2.2719500064849902
Italy,ITA,2004,1.76229000091553
Italy,ITA,2005,1.7067300081253098
Italy,ITA,2006,1.47566998004913
Italy,ITA,2007,1.5435600280761699
Italy,ITA,2008,1.5772800445556598
Italy,ITA,2009,1.79531002044678
Italy,ITA,2010,2.03747010231018
Italy,ITA,2011,2.2260499000549303
Italy,ITA,2012,2.4670600891113303
Jamaica,JAM,1999,19.3589706420898
Jamaica,JAM,2000,13.935959815978999
Jamaica,JAM,2001,11.9122400283813
Jamaica,JAM,2002,12.2411603927612
Jamaica,JAM,2003,13.0133399963379
Jamaica,JAM,2004,13.703599929809599
Jamaica,JAM,2005,14.137820243835401
Jamaica,JAM,2006,13.232410430908198
Jamaica,JAM,2008,9.9146203994751
Jamaica,JAM,2009,9.51828002929688
Jamaica,JAM,2010,7.97566986083984
Jamaica,JAM,2011,6.83454990386963
Jamaica,JAM,2012,5.4045100212097195
Jamaica,JAM,2013,5.378859996795651
Japan,JPN,1998,1.4402899742126498
Japan,JPN,1999,1.4816999435424798
Japan,JPN,2000,1.48923003673553
Japan,JPN,2001,1.43818998336792
Japan,JPN,2002,1.61179995536804
Japan,JPN,2003,1.63074004650116
Japan,JPN,2004,1.52520000934601
Japan,JPN,2005,1.59159004688263
Japan,JPN,2006,1.4481400251388503
Japan,JPN,2007,1.3724000453949
Japan,JPN,2008,1.29077005386353
Japan,JPN,2009,1.17183005809784
Japan,JPN,2010,1.05128002166748
Japan,JPN,2011,0.920769989490509
Japan,JPN,2012,0.860220015048981
Jordan,JOR,2000,8.495849609375
Jordan,JOR,2002,7.78315019607544
Jordan,JOR,2003,6.73885011672974
Jordan,JOR,2004,5.8060002326965305
Jordan,JOR,2005,5.76178979873657
Jordan,JOR,2006,5.82537984848022
Jordan,JOR,2007,5.71702003479004
Jordan,JOR,2008,5.345359802246089
Jordan,JOR,2009,5.501049995422361
Jordan,JOR,2010,6.126329898834231
Jordan,JOR,2011,6.255090236663821
Jordan,JOR,2012,5.43864011764526
Kazakhstan,KAZ,1999,6.226600170135501
Kazakhstan,KAZ,2000,4.82767009735107
Kazakhstan,KAZ,2005,3.90879988670349
Kazakhstan,KAZ,2006,3.2113699913024902
Kazakhstan,KAZ,2012,5.26873016357422
Kazakhstan,KAZ,2013,6.254389762878421
Kenya,KEN,2000,11.814169883728
Kenya,KEN,2001,12.0115299224854
Kenya,KEN,2002,13.570150375366199
Kenya,KEN,2004,13.1603202819824
Kenya,KEN,2005,12.353400230407699
Kenya,KEN,2009,8.23200988769531
Kuwait,KWT,1999,15.3276700973511
Kuwait,KWT,2001,15.778679847717301
Kuwait,KWT,2002,16.8949298858643
Kuwait,KWT,2003,14.831789970397901
Kuwait,KWT,2004,18.009569168090803
Kuwait,KWT,2013,23.401330947876
Kyrgyzstan,KGZ,1998,3.7409000396728502
Kyrgyzstan,KGZ,1999,3.6876399517059304
Kyrgyzstan,KGZ,2000,1.69790005683899
Kyrgyzstan,KGZ,2001,1.5760200023651103
Kyrgyzstan,KGZ,2002,1.58168005943298
Kyrgyzstan,KGZ,2003,1.33621001243591
Kyrgyzstan,KGZ,2004,1.52174997329712
Kyrgyzstan,KGZ,2005,1.37644004821777
Kyrgyzstan,KGZ,2006,1.54949998855591
Kyrgyzstan,KGZ,2007,1.70423996448517
Kyrgyzstan,KGZ,2008,1.5674799680709801
Kyrgyzstan,KGZ,2009,1.68269002437592
Kyrgyzstan,KGZ,2010,1.9393299818038898
Kyrgyzstan,KGZ,2011,2.20445990562439
Kyrgyzstan,KGZ,2013,2.0676500797271697
Laos,LAO,1998,15.019920349121099
Laos,LAO,1999,13.4895696640015
Laos,LAO,2000,9.028909683227539
Laos,LAO,2001,6.58859014511108
Laos,LAO,2002,5.334959983825679
Laos,LAO,2003,5.57580995559692
Laos,LAO,2004,5.9197301864624
Laos,LAO,2005,5.00643014907837
Laos,LAO,2006,5.3027400970459
Laos,LAO,2007,4.65194988250732
Laos,LAO,2008,4.34196996688843
Laos,LAO,2009,3.7729499340057404
Laos,LAO,2010,3.27731990814209
Laos,LAO,2011,3.3078999519348105
Laos,LAO,2012,3.43864989280701
Laos,LAO,2013,3.63614010810852
Latin America and the Caribbean,,1997,1.08858001232147
Latin America and the Caribbean,,1998,1.0600700378418
Latin America and the Caribbean,,1999,1.00104999542236
Latin America and the Caribbean,,2000,1.04524004459381
Latin America and the Caribbean,,2001,1.0154000520706201
Latin America and the Caribbean,,2002,1.09010004997253
Latin America and the Caribbean,,2003,1.1191899776458702
Latin America and the Caribbean,,2004,1.0178400278091402
Latin America and the Caribbean,,2005,0.993009984493256
Latin America and the Caribbean,,2006,0.92467999458313
Latin America and the Caribbean,,2007,0.973580002784729
Latin America and the Caribbean,,2008,0.9476500153541559
Latin America and the Caribbean,,2009,0.966329991817474
Latin America and the Caribbean,,2010,0.9728000164031979
Latin America and the Caribbean,,2011,0.9175099730491642
Latin America and the Caribbean,,2012,0.8849200010299679
Latin America and the Caribbean,,2013,0.873520016670227
Latin America and the Caribbean (excluding high-income countries),,1997,1.01157999038696
Latin America and the Caribbean (excluding high-income countries),,1998,0.986519992351532
Latin America and the Caribbean (excluding high-income countries),,1999,0.926010012626648
Latin America and the Caribbean (excluding high-income countries),,2000,0.965009987354279
Latin America and the Caribbean (excluding high-income countries),,2001,0.9377300143241879
Latin America and the Caribbean (excluding high-income countries),,2002,1.01010000705719
Latin America and the Caribbean (excluding high-income countries),,2003,1.03861999511719
Latin America and the Caribbean (excluding high-income countries),,2004,0.937340021133423
Latin America and the Caribbean (excluding high-income countries),,2005,0.910719990730286
Latin America and the Caribbean (excluding high-income countries),,2006,0.8534299731254581
Latin America and the Caribbean (excluding high-income countries),,2007,0.911679983139038
Latin America and the Caribbean (excluding high-income countries),,2008,0.891260027885437
Latin America and the Caribbean (excluding high-income countries),,2009,0.9083300232887271
Latin America and the Caribbean (excluding high-income countries),,2010,0.9159299731254581
Latin America and the Caribbean (excluding high-income countries),,2011,0.8654199838638309
Latin America and the Caribbean (excluding high-income countries),,2012,0.841650009155273
Latin America and the Caribbean (excluding high-income countries),,2013,0.834529995918274
Latvia,LVA,1998,3.3388900756835898
Latvia,LVA,1999,2.8948600292205797
Latvia,LVA,2000,2.86302995681763
Latvia,LVA,2001,2.9430599212646498
Latvia,LVA,2002,2.82979989051819
Latvia,LVA,2003,3.06242990493774
Latvia,LVA,2004,2.67611002922058
Latvia,LVA,2005,2.66733002662659
Latvia,LVA,2006,2.68483996391296
Latvia,LVA,2007,2.9896399974823
Latvia,LVA,2008,3.1804399490356405
Latvia,LVA,2009,3.38997006416321
Latvia,LVA,2010,4.49865007400513
Latvia,LVA,2011,5.812190055847171
Latvia,LVA,2012,6.53640985488892
Latvia,LVA,2013,6.651380062103269
Least-developed countries,,1997,5.532489776611331
Least-developed countries,,1998,5.1817297935485795
Least-developed countries,,1999,4.844379901885991
Least-developed countries,,2000,4.66841983795166
Least-developed countries,,2001,4.20784997940063
Least-developed countries,,2002,4.51982021331787
Least-developed countries,,2003,4.6782398223877
Least-developed countries,,2004,4.49716997146606
Least-developed countries,,2005,4.31322002410889
Least-developed countries,,2006,4.103229999542241
Least-developed countries,,2007,4.00027990341187
Least-developed countries,,2008,3.74635004997253
Least-developed countries,,2009,3.59225988388062
Least-developed countries,,2010,3.3459899425506605
Least-developed countries,,2011,3.32422995567322
Least-developed countries,,2012,3.1541900634765603
Least-developed countries,,2013,3.1346099376678502
Lebanon,LBN,1999,7.4835000038147
Lebanon,LBN,2000,7.6451997756958
Lebanon,LBN,2001,7.407949924468991
Lebanon,LBN,2002,8.23499011993408
Lebanon,LBN,2003,9.08096981048584
Lebanon,LBN,2004,8.780209541320799
Lebanon,LBN,2005,8.09097003936768
Lebanon,LBN,2006,7.9161701202392605
Lebanon,LBN,2007,7.29158020019531
Lebanon,LBN,2008,7.243919849395749
Lebanon,LBN,2009,7.03758001327515
Lebanon,LBN,2010,6.544970035552981
Lebanon,LBN,2011,6.068580150604251
Lebanon,LBN,2012,5.9286198616027805
Lebanon,LBN,2013,5.21116018295288
Lesotho,LSO,1999,30.5486907958984
Lesotho,LSO,2000,39.3736000061035
Lesotho,LSO,2001,40.642280578613295
Lesotho,LSO,2002,73.6263732910156
Lesotho,LSO,2003,76.5799026489258
Lesotho,LSO,2005,52.2543601989746
Lesotho,LSO,2006,46.476470947265604
Lesotho,LSO,2012,11.316499710083
Lesotho,LSO,2013,12.097530364990199
Liberia,LBR,1999,3.1580500602722203
Liberia,LBR,2000,1.4081100225448602
Liberia,LBR,2010,2.2455899715423597
Liberia,LBR,2012,1.5894500017166102
Libya,LBY,1999,0.567960023880005
Libya,LBY,2000,0.61065000295639
Libya,LBY,2001,0.7017300128936771
Libya,LBY,2002,0.7440999746322629
Libya,LBY,2003,0.734709978103638
Liechtenstein,LIE,2003,151.36364746093798
Liechtenstein,LIE,2004,127.067672729492
Liechtenstein,LIE,2005,130.929794311523
Liechtenstein,LIE,2006,134.748428344727
Liechtenstein,LIE,2007,131.426452636719
Liechtenstein,LIE,2008,107.875
Liechtenstein,LIE,2009,119.297080993652
Liechtenstein,LIE,2010,122.554000854492
Liechtenstein,LIE,2011,99.9394683837891
Liechtenstein,LIE,2012,97.3958282470703
Lithuania,LTU,1998,3.44293999671936
Lithuania,LTU,1999,3.0292599201202406
Lithuania,LTU,2000,3.17462992668152
Lithuania,LTU,2001,3.62637996673584
Lithuania,LTU,2002,3.78591990470886
Lithuania,LTU,2003,3.9282600879669203
Lithuania,LTU,2004,3.53505992889404
Lithuania,LTU,2005,3.4730200767517103
Lithuania,LTU,2006,3.2940900325775098
Lithuania,LTU,2007,3.37421989440918
Lithuania,LTU,2008,3.4702200889587402
Lithuania,LTU,2009,3.69300007820129
Lithuania,LTU,2010,4.34010982513428
Lithuania,LTU,2011,5.5118098258972195
Lithuania,LTU,2012,6.89625978469849
Lithuania,LTU,2013,7.450329780578611
Low and middle-income countries,,1997,2.17034006118774
Low and middle-income countries,,1998,2.03656005859375
Low and middle-income countries,,1999,1.8968900442123402
Low and middle-income countries,,2000,1.8749799728393601
Low and middle-income countries,,2001,1.8375999927520799
Low and middle-income countries,,2002,1.96545004844666
Low and middle-income countries,,2003,2.04247999191284
Low and middle-income countries,,2004,1.9789500236511202
Low and middle-income countries,,2005,1.95562994480133
Low and middle-income countries,,2006,1.81480002403259
Low and middle-income countries,,2007,1.7988699674606299
Low and middle-income countries,,2008,1.82411003112793
Low and middle-income countries,,2009,1.84596002101898
Low and middle-income countries,,2010,1.84411001205444
Low and middle-income countries,,2011,1.83247995376587
Low and middle-income countries,,2012,1.7560199499130202
Low and middle-income countries,,2013,1.73298001289368
Low-income countries,,1997,4.620319843292241
Low-income countries,,1998,4.4047999382019
Low-income countries,,1999,4.04951000213623
Low-income countries,,2000,3.9286899566650404
Low-income countries,,2001,3.6421000957489
Low-income countries,,2002,4.0019202232360795
Low-income countries,,2003,4.14287996292114
Low-income countries,,2004,3.88565993309021
Low-income countries,,2005,3.7571399211883505
Low-income countries,,2006,3.5434598922729506
Low-income countries,,2007,3.58706998825073
Low-income countries,,2008,3.51377010345459
Low-income countries,,2009,3.2950799465179403
Low-income countries,,2010,3.2169001102447496
Low-income countries,,2011,3.19471001625061
Low-income countries,,2012,2.8462400436401403
Low-income countries,,2013,2.89438009262085
Lower-middle-income countries,,1997,1.7139099836349498
Lower-middle-income countries,,1998,1.5569599866867099
Lower-middle-income countries,,1999,1.43427002429962
Lower-middle-income countries,,2000,1.47355997562408
Lower-middle-income countries,,2001,1.49417996406555
Lower-middle-income countries,,2002,1.64741003513336
Lower-middle-income countries,,2003,1.7144500017166102
Lower-middle-income countries,,2004,1.70150005817413
Lower-middle-income countries,,2005,1.7536200284957901
Lower-middle-income countries,,2006,1.7004499435424798
Lower-middle-income countries,,2007,1.68915998935699
Lower-middle-income countries,,2008,1.7022199630737298
Lower-middle-income countries,,2009,1.72551000118256
Lower-middle-income countries,,2010,1.6503000259399399
Lower-middle-income countries,,2011,1.4775199890136699
Lower-middle-income countries,,2012,1.35643005371094
Lower-middle-income countries,,2013,1.3483799695968601
Luxembourg,LUX,1998,239.543212890625
Luxembourg,LUX,1999,217.286911010742
Luxembourg,LUX,2000,225.400085449219
Luxembourg,LUX,2001,230.516250610352
Luxembourg,LUX,2002,207.060150146484
Luxembourg,LUX,2003,212.089706420898
Luxembourg,LUX,2006,261.682769775391
Luxembourg,LUX,2008,207.970764160156
Luxembourg,LUX,2010,130.29513549804702
Luxembourg,LUX,2012,126.474937438965
Macao,MAC,1999,10.512200355529801
Macao,MAC,2000,10.333290100097699
Macao,MAC,2001,5.96412992477417
Macao,MAC,2002,4.49385023117065
Macao,MAC,2003,3.68566989898682
Macao,MAC,2004,3.4511399269104
Macao,MAC,2005,4.1917200088501
Macao,MAC,2006,4.39655017852783
Macao,MAC,2007,5.10013008117676
Macao,MAC,2008,5.38670015335083
Macao,MAC,2009,5.40149021148682
Macao,MAC,2010,5.96756982803345
Macao,MAC,2011,6.05033016204834
Macao,MAC,2012,6.99172019958496
Macao,MAC,2013,7.57164001464844
Madagascar,MDG,1998,8.50850009918213
Madagascar,MDG,1999,8.490260124206541
Madagascar,MDG,2000,8.91063022613525
Madagascar,MDG,2001,9.44497013092041
Madagascar,MDG,2002,10.5531396865845
Madagascar,MDG,2003,11.593729972839402
Madagascar,MDG,2004,9.475640296936039
Madagascar,MDG,2005,9.234660148620609
Madagascar,MDG,2006,8.51502990722656
Madagascar,MDG,2007,7.12343978881836
Madagascar,MDG,2008,6.648009777069089
Madagascar,MDG,2009,6.14564990997314
Madagascar,MDG,2010,5.75770998001099
Madagascar,MDG,2011,5.53297996520996
Madagascar,MDG,2012,5.34616994857788
Madagascar,MDG,2013,4.351270198822021
Malawi,MWI,1999,40.4529685974121
Malawi,MWI,2000,31.522039413452102
Malawi,MWI,2001,30.817630767822298
Malawi,MWI,2002,31.7223796844482
Malawi,MWI,2003,30.973970413207997
Malawi,MWI,2004,29.1670608520508
Malawi,MWI,2005,30.521179199218803
Malawi,MWI,2006,28.4951000213623
Malawi,MWI,2007,31.098829269409197
Malawi,MWI,2010,21.2566509246826
Malawi,MWI,2011,20.180290222168
Malaysia,MYS,1998,13.317370414733901
Malaysia,MYS,1999,11.4617500305176
Malaysia,MYS,2000,8.24849033355713
Malaysia,MYS,2001,7.943419933319089
Malaysia,MYS,2002,7.34755992889404
Malaysia,MYS,2003,6.733630180358889
Malaysia,MYS,2004,6.605830192565921
Malaysia,MYS,2005,6.802130222320559
Malaysia,MYS,2006,6.64614009857178
Malaysia,MYS,2007,6.53977012634277
Malaysia,MYS,2008,6.10308980941772
Malaysia,MYS,2009,5.985040187835691
Malaysia,MYS,2010,5.60940980911255
Malaysia,MYS,2011,5.7755599021911594
Malaysia,MYS,2012,5.43200016021729
Maldives,MDV,2003,1678.08215332031
Maldives,MDV,2007,33.8980102539063
Maldives,MDV,2008,41.8784217834473
Mali,MLI,1998,11.2876396179199
Mali,MLI,1999,8.46640014648438
Mali,MLI,2000,8.505359649658201
Mali,MLI,2001,9.795000076293949
Mali,MLI,2002,10.6785497665405
Mali,MLI,2008,5.85180997848511
Mali,MLI,2009,5.2944598197937
Mali,MLI,2010,5.71869993209839
Mali,MLI,2011,5.86518001556396
Mali,MLI,2012,5.45693016052246
Malta,MLT,1998,7.57067012786865
Malta,MLT,1999,8.59002017974854
Malta,MLT,2000,10.039589881897
Malta,MLT,2001,8.64875030517578
Malta,MLT,2002,9.32635021209717
Malta,MLT,2003,7.142859935760501
Malta,MLT,2004,9.20300006866455
Malta,MLT,2005,8.50545024871826
Malta,MLT,2006,10.7991504669189
Malta,MLT,2007,10.452549934387198
Malta,MLT,2008,10.708760261535598
Malta,MLT,2009,11.0187997817993
Malta,MLT,2010,11.273059844970698
Malta,MLT,2011,10.7095699310303
Malta,MLT,2012,11.1079196929932
Marshall Islands,MHL,2002,13.879659652710002
Marshall Islands,MHL,2012,19.0225601196289
Mauritania,MRT,1998,20.779220581054698
Mauritania,MRT,1999,18.7928695678711
Mauritania,MRT,2001,22.2767906188965
Mauritania,MRT,2002,24.278259277343803
Mauritania,MRT,2003,24.987329483032198
Mauritania,MRT,2004,26.4507694244385
Mauritania,MRT,2005,27.224689483642603
Mauritania,MRT,2006,26.550199508667003
Mauritania,MRT,2007,24.4745407104492
Mauritania,MRT,2008,25.343080520629897
Mauritania,MRT,2009,25.7688903808594
Mauritania,MRT,2010,24.720899581909197
Mauritania,MRT,2011,24.2309494018555
Mauritania,MRT,2012,22.4596900939941
Mauritania,MRT,2013,22.3871002197266
Mauritius,MUS,1999,31.815240859985398
Mauritius,MUS,2000,36.7243690490723
Mauritius,MUS,2001,28.762769699096697
Mauritius,MUS,2002,40.1645011901855
Mauritius,MUS,2003,42.5776786804199
Mauritius,MUS,2004,41.12208938598629
Mauritius,MUS,2005,35.515838623046896
Mauritius,MUS,2006,34.2964515686035
Mauritius,MUS,2007,32.7030181884766
Mauritius,MUS,2008,29.6624908447266
Mauritius,MUS,2009,25.385559082031303
Mauritius,MUS,2010,21.5932102203369
Mauritius,MUS,2011,19.0196304321289
Mauritius,MUS,2012,15.990180015564
Mauritius,MUS,2013,14.5136003494263
Mexico,MEX,1998,0.761160016059875
Mexico,MEX,1999,0.733780026435852
Mexico,MEX,2000,0.724990010261536
Mexico,MEX,2001,0.7458999752998349
Mexico,MEX,2002,0.925909996032715
Mexico,MEX,2003,0.9712200164794921
Mexico,MEX,2004,0.92655998468399
Mexico,MEX,2005,0.9664099812507629
Mexico,MEX,2006,0.979889988899231
Mexico,MEX,2007,0.990360021591187
Mexico,MEX,2008,0.976140022277832
Mexico,MEX,2009,0.991530001163483
Mexico,MEX,2010,0.9156299829483029
Mexico,MEX,2011,0.882219970226288
Mexico,MEX,2012,0.852779984474182
Mexico,MEX,2013,0.82166999578476
Middle East and North Africa,,1997,3.7327899932861297
Middle East and North Africa,,1998,3.42862010002136
Middle East and North Africa,,1999,3.1231501102447496
Middle East and North Africa,,2000,3.13739991188049
Middle East and North Africa,,2001,3.0623600482940696
Middle East and North Africa,,2002,3.1050701141357404
Middle East and North Africa,,2003,3.13548994064331
Middle East and North Africa,,2004,2.9082698822021498
Middle East and North Africa,,2005,2.7916200160980202
Middle East and North Africa,,2006,2.68935990333557
Middle East and North Africa,,2007,2.56780004501343
Middle East and North Africa,,2008,2.52854990959167
Middle East and North Africa,,2009,2.6683900356292702
Middle East and North Africa,,2010,2.6675500869751
Middle East and North Africa,,2011,2.8245499134063703
Middle East and North Africa,,2012,2.86207008361816
Middle East and North Africa,,2013,2.9435799121856703
Middle East and North Africa (excluding high-income countries),,1997,3.31112003326416
Middle East and North Africa (excluding high-income countries),,1998,3.04092001914978
Middle East and North Africa (excluding high-income countries),,1999,2.7692699432373
Middle East and North Africa (excluding high-income countries),,2000,2.73621010780334
Middle East and North Africa (excluding high-income countries),,2001,2.64828991889954
Middle East and North Africa (excluding high-income countries),,2002,2.75829005241394
Middle East and North Africa (excluding high-income countries),,2003,2.8672399520874
Middle East and North Africa (excluding high-income countries),,2004,2.63212990760803
Middle East and North Africa (excluding high-income countries),,2005,2.4997498989105202
Middle East and North Africa (excluding high-income countries),,2006,2.37896990776062
Middle East and North Africa (excluding high-income countries),,2007,2.22591996192932
Middle East and North Africa (excluding high-income countries),,2008,2.1412200927734397
Middle East and North Africa (excluding high-income countries),,2009,2.2507600784301802
Middle East and North Africa (excluding high-income countries),,2010,2.19195008277893
Middle East and North Africa (excluding high-income countries),,2011,2.31831002235413
Middle East and North Africa (excluding high-income countries),,2012,2.29352998733521
Middle East and North Africa (excluding high-income countries),,2013,2.2878398895263703
Middle-income countries,,1997,2.0516300201416002
Middle-income countries,,1998,1.9237099885940598
Middle-income countries,,1999,1.79542005062103
Middle-income countries,,2000,1.7758799791336102
Middle-income countries,,2001,1.74550998210907
Middle-income countries,,2002,1.86652994155884
Middle-income countries,,2003,1.9427900314331101
Middle-income countries,,2004,1.89320003986359
Middle-income countries,,2005,1.87375998497009
Middle-income countries,,2006,1.73450994491577
Middle-income countries,,2007,1.71467995643616
Middle-income countries,,2008,1.7417999505996697
Middle-income countries,,2009,1.7703800201416
Middle-income countries,,2010,1.76778995990753
Middle-income countries,,2011,1.75548005104065
Middle-income countries,,2012,1.69506001472473
Middle-income countries,,2013,1.6692600250244098
Moldova,MDA,1999,8.59344959259033
Moldova,MDA,2000,8.819169998168949
Moldova,MDA,2001,7.75124979019165
Moldova,MDA,2002,7.6751399040222195
Moldova,MDA,2003,7.538650035858151
Moldova,MDA,2004,7.708300113677981
Moldova,MDA,2005,7.6754899024963406
Moldova,MDA,2006,6.6079998016357395
Moldova,MDA,2007,6.76359987258911
Moldova,MDA,2008,10.449090003967301
Moldova,MDA,2009,9.4621696472168
Moldova,MDA,2010,11.6489200592041
Moldova,MDA,2011,13.69983959198
Moldova,MDA,2012,12.508009910583501
Moldova,MDA,2013,14.197270393371598
Mongolia,MNG,1998,3.67143988609314
Mongolia,MNG,1999,3.21577000617981
Mongolia,MNG,2000,3.29710006713867
Mongolia,MNG,2001,3.46853995323181
Mongolia,MNG,2002,3.8737599849700897
Mongolia,MNG,2003,4.217760086059569
Mongolia,MNG,2004,4.3794698715210005
Mongolia,MNG,2005,4.24205017089844
Mongolia,MNG,2006,3.9796700477600098
Mongolia,MNG,2007,4.54444980621338
Mongolia,MNG,2008,5.618840217590329
Mongolia,MNG,2009,5.84526014328003
Mongolia,MNG,2010,6.04274988174438
Mongolia,MNG,2011,6.19944000244141
Mongolia,MNG,2012,5.63435983657837
Mongolia,MNG,2013,4.52273988723755
Montenegro,MNE,2004,13.075110435485803
Montenegro,MNE,2005,11.5884103775024
Montenegro,MNE,2006,9.88916969299316
Montenegro,MNE,2007,7.88968992233276
Montenegro,MNE,2008,29.509319305419897
Montenegro,MNE,2009,24.0815696716309
Montenegro,MNE,2010,21.9204597473145
Morocco,MAR,1998,14.8604001998901
Morocco,MAR,1999,13.9682903289795
Morocco,MAR,2000,15.4655303955078
Morocco,MAR,2001,14.803179740905799
Morocco,MAR,2002,16.740310668945302
Morocco,MAR,2003,16.769020080566403
Morocco,MAR,2004,14.2762699127197
Morocco,MAR,2005,12.5391902923584
Morocco,MAR,2006,11.370160102844201
Morocco,MAR,2007,10.9951496124268
Morocco,MAR,2008,10.361149787902802
Morocco,MAR,2009,10.0867595672607
Morocco,MAR,2010,9.60126972198486
Morocco,MAR,2011,8.578769683837889
Mozambique,MOZ,1999,18.3685302734375
Mozambique,MOZ,2000,17.1637001037598
Mozambique,MOZ,2003,14.330909729003901
Mozambique,MOZ,2004,11.6612701416016
Mozambique,MOZ,2005,10.2737503051758
Mozambique,MOZ,2008,2.49753999710083
Mozambique,MOZ,2009,2.5823500156402597
Mozambique,MOZ,2010,1.9918199777603103
Mozambique,MOZ,2011,1.79885005950928
Mozambique,MOZ,2012,1.3124200105667099
Mozambique,MOZ,2013,1.3923499584198
Myanmar,MMR,1998,0.417620003223419
Myanmar,MMR,2001,0.34929999709129306
Myanmar,MMR,2007,0.7250900268554691
Myanmar,MMR,2011,1.09897005558014
Myanmar,MMR,2012,1.04303002357483
Namibia,NAM,1998,30.7253093719482
Namibia,NAM,2001,44.453460693359396
Namibia,NAM,2002,52.192508697509794
Namibia,NAM,2003,58.699520111084006
Namibia,NAM,2005,47.317798614502
Namibia,NAM,2006,57.231201171875
Namibia,NAM,2008,42.8578681945801
Nepal,NPL,2000,4.61302995681763
Nepal,NPL,2001,4.64289999008179
Nepal,NPL,2002,5.2859902381897
Nepal,NPL,2003,5.72677993774414
Nepal,NPL,2004,5.2153601646423295
Nepal,NPL,2005,4.99812984466553
Nepal,NPL,2006,5.6190900802612305
Nepal,NPL,2007,6.22697019577026
Nepal,NPL,2008,6.85145998001099
Nepal,NPL,2009,8.5137996673584
Nepal,NPL,2010,7.2500300407409695
Nepal,NPL,2011,7.62549018859863
Nepal,NPL,2013,6.3272500038147
Netherlands,NLD,1998,2.7396399974823
Netherlands,NLD,1999,2.78025007247925
Netherlands,NLD,2000,2.5710999965667702
Netherlands,NLD,2001,2.39148998260498
Netherlands,NLD,2002,2.3594300746917702
Netherlands,NLD,2003,2.40973997116089
Netherlands,NLD,2004,1.59270000457764
Netherlands,NLD,2005,1.80689001083374
Netherlands,NLD,2006,1.7441400289535502
Netherlands,NLD,2007,1.78822994232178
Netherlands,NLD,2008,1.37470996379852
Netherlands,NLD,2009,1.8226900100708001
Netherlands,NLD,2010,1.9386199712753303
Netherlands,NLD,2011,1.7271399497985802
Netherlands,NLD,2012,1.82264995574951
New Zealand,NZL,1998,3.48816990852356
New Zealand,NZL,1999,3.47980999946594
New Zealand,NZL,2000,3.52737998962402
New Zealand,NZL,2001,3.7024600505828897
New Zealand,NZL,2002,4.00096988677979
New Zealand,NZL,2003,3.54242992401123
New Zealand,NZL,2004,2.68357992172241
New Zealand,NZL,2005,1.59098994731903
New Zealand,NZL,2006,1.7443300485611
New Zealand,NZL,2007,1.71476995944977
New Zealand,NZL,2008,1.70696997642517
New Zealand,NZL,2009,1.7381500005722
New Zealand,NZL,2010,1.7876800298690803
New Zealand,NZL,2011,1.9933799505233798
New Zealand,NZL,2012,2.06539011001587
New Zealand,NZL,2013,2.09281992912292
Nicaragua,NIC,2002,1.6853799819946298
Niger,NER,2003,17.1001491546631
Niger,NER,2004,18.9221305847168
Niger,NER,2005,16.9771099090576
Niger,NER,2006,21.1365795135498
Niger,NER,2007,22.028869628906303
Niger,NER,2008,18.2665100097656
Niger,NER,2009,13.4180297851563
Niger,NER,2010,13.998649597167999
Niger,NER,2011,14.633629798889197
Niger,NER,2012,10.513400077819801
Nigeria,NGA,1999,2.17277002334595
Nigeria,NGA,2003,1.7155499458313
Nigeria,NGA,2004,1.8203400373458898
Nigeria,NGA,2005,1.93356001377106
North America,,1997,0.451510012149811
North America,,1998,0.47547000646591203
North America,,1999,0.486180007457733
North America,,2000,0.523220002651215
North America,,2001,0.544250011444092
North America,,2002,0.530210018157959
North America,,2003,0.51512998342514
North America,,2004,0.5058799982070921
North America,,2005,0.523729979991913
North America,,2006,0.532260000705719
North America,,2007,0.5443900227546691
North America,,2008,0.52130001783371
North America,,2009,0.5133900046348571
North America,,2010,0.48109000921249395
North America,,2011,0.47775000333785994
North America,,2012,0.479389995336533
North America,,2013,0.504499971866608
North Macedonia,MKD,1998,7.63853979110718
North Macedonia,MKD,1999,6.32310009002686
North Macedonia,MKD,2000,12.347749710083
North Macedonia,MKD,2001,10.036919593811001
North Macedonia,MKD,2002,10.7636804580688
North Macedonia,MKD,2003,24.3712596893311
North Macedonia,MKD,2004,13.489139556884801
North Macedonia,MKD,2005,15.416299819946301
North Macedonia,MKD,2006,14.286529541015598
North Macedonia,MKD,2007,11.5557498931885
North Macedonia,MKD,2008,9.10054969787598
North Macedonia,MKD,2009,8.96975040435791
North Macedonia,MKD,2010,8.66497039794922
North Macedonia,MKD,2012,7.4009099006652805
Norway,NOR,1998,6.34226989746094
Norway,NOR,1999,6.9057297706604
Norway,NOR,2000,7.24535989761353
Norway,NOR,2001,7.73032999038696
Norway,NOR,2002,8.17288970947266
Norway,NOR,2003,7.2770099639892605
Norway,NOR,2004,6.39408016204834
Norway,NOR,2005,5.928279876708981
Norway,NOR,2006,5.688799858093259
Norway,NOR,2007,5.55889987945557
Norway,NOR,2008,5.31686019897461
Norway,NOR,2009,5.66673994064331
Norway,NOR,2010,6.17838001251221
Norway,NOR,2011,6.77177000045776
Norway,NOR,2012,9.88984966278076
Norway,NOR,2013,6.98993015289307
OECD Member countries,,1997,1.67369997501373
OECD Member countries,,1998,1.6953699588775601
OECD Member countries,,1999,1.69806003570557
OECD Member countries,,2000,1.7239199876785298
OECD Member countries,,2001,1.73021996021271
OECD Member countries,,2002,1.70384001731873
OECD Member countries,,2003,1.70210003852844
OECD Member countries,,2004,1.56201994419098
OECD Member countries,,2005,1.57787001132965
OECD Member countries,,2006,1.52146995067596
OECD Member countries,,2007,1.5516999959945699
OECD Member countries,,2008,1.51752996444702
OECD Member countries,,2009,1.5702999830246
OECD Member countries,,2010,1.55276000499725
OECD Member countries,,2011,1.5686899423599199
OECD Member countries,,2012,1.56895005702972
OECD Member countries,,2013,1.5866299867629998
Oman,OMN,1998,50.411678314209006
Oman,OMN,2003,26.8812103271484
Oman,OMN,2004,26.039119720459
Oman,OMN,2005,21.150339126586896
Oman,OMN,2006,18.8405609130859
Oman,OMN,2007,16.6088695526123
Oman,OMN,2008,16.8054103851318
Oman,OMN,2009,13.4118404388428
Oman,OMN,2010,12.9191999435425
Oman,OMN,2011,11.0136404037476
Oman,OMN,2013,14.479519844055199
Pakistan,PAK,2003,5.412610054016111
Pakistan,PAK,2004,4.46306991577148
Pakistan,PAK,2005,3.08056998252869
Pakistan,PAK,2006,3.1321499347686803
Pakistan,PAK,2007,2.91952991485596
Pakistan,PAK,2008,3.13643002510071
Pakistan,PAK,2009,2.8206501007080096
Pakistan,PAK,2011,2.49866008758545
Pakistan,PAK,2012,2.0489699840545703
Pakistan,PAK,2013,1.96194005012512
Palestine,PSE,1998,17.3130493164063
Palestine,PSE,1999,14.738539695739698
Palestine,PSE,2000,13.9224395751953
Palestine,PSE,2001,12.8151798248291
Palestine,PSE,2002,11.8993396759033
Palestine,PSE,2003,10.5476503372192
Palestine,PSE,2004,9.08845043182373
Palestine,PSE,2005,8.54218006134033
Palestine,PSE,2006,8.12080955505371
Palestine,PSE,2007,7.87241983413696
Palestine,PSE,2008,7.79205989837646
Palestine,PSE,2009,8.47873973846436
Palestine,PSE,2010,7.832409858703611
Palestine,PSE,2011,7.768010139465329
Palestine,PSE,2012,8.69538974761963
Palestine,PSE,2013,9.81056976318359
Panama,PAN,1998,1.7014299631118799
Panama,PAN,1999,1.6190999746322599
Panama,PAN,2000,1.58520996570587
Panama,PAN,2001,1.46570003032684
Panama,PAN,2002,1.50338995456696
Panama,PAN,2003,1.55200004577637
Panama,PAN,2004,1.4367599487304699
Panama,PAN,2005,1.6004899740219098
Panama,PAN,2006,1.57860004901886
Panama,PAN,2007,1.6410599946975701
Panama,PAN,2008,1.89415001869202
Panama,PAN,2009,1.8867299556732198
Panama,PAN,2010,1.8508299589157098
Panama,PAN,2011,1.55927002429962
Panama,PAN,2012,1.64392995834351
Papua New Guinea,PNG,1998,8.10426998138428
Papua New Guinea,PNG,1999,7.985519886016849
Paraguay,PRY,1999,1.5318200588226298
Paraguay,PRY,2000,1.31788003444672
Paraguay,PRY,2001,1.3201899528503402
Paraguay,PRY,2002,1.0082700252533001
Paraguay,PRY,2003,1.1609200239181499
Paraguay,PRY,2004,1.08412003517151
Paraguay,PRY,2005,1.20302999019623
Paraguay,PRY,2007,1.3400800228118899
Paraguay,PRY,2008,1.1948299407959
Paraguay,PRY,2009,1.1279300451278702
Paraguay,PRY,2010,1.2425400018692
Peru,PER,1999,0.587300002574921
Peru,PER,2000,0.81878000497818
Peru,PER,2001,0.9108899831771851
Peru,PER,2002,1.07439005374908
Peru,PER,2003,1.1732399463653602
Peru,PER,2004,1.09318995475769
Peru,PER,2005,1.11573004722595
Peru,PER,2006,1.20764005184174
Peru,PER,2010,1.50197005271912
Philippines,PHL,1998,0.24600000679492998
Philippines,PHL,1999,0.230320006608963
Philippines,PHL,2001,0.227990001440048
Philippines,PHL,2002,0.262010008096695
Philippines,PHL,2003,0.29556998610496504
Philippines,PHL,2004,0.30579000711441
Philippines,PHL,2005,0.317369997501373
Philippines,PHL,2006,0.318120002746582
Philippines,PHL,2008,0.335489988327026
Philippines,PHL,2009,0.384220004081726
Philippines,PHL,2010,0.430000007152557
Philippines,PHL,2011,0.39552000164985707
Philippines,PHL,2012,0.368169993162155
Philippines,PHL,2013,0.34527000784874
Poland,POL,1998,1.29435002803802
Poland,POL,1999,1.1089400053024299
Poland,POL,2000,1.1045000553131101
Poland,POL,2001,1.1120400428772
Poland,POL,2002,1.19673001766205
Poland,POL,2003,1.34119999408722
Poland,POL,2004,1.3539799451828
Poland,POL,2005,1.42058002948761
Poland,POL,2006,1.41999995708466
Poland,POL,2007,1.5176199674606299
Poland,POL,2008,1.4891300201416
Poland,POL,2009,1.52031004428864
Poland,POL,2010,1.45255994796753
Poland,POL,2011,1.37638998031616
Poland,POL,2012,1.0490900278091402
Poland,POL,2013,1.21109998226166
Portugal,PRT,1998,3.02373003959656
Portugal,PRT,1999,3.07154989242554
Portugal,PRT,2000,2.85144996643066
Portugal,PRT,2001,2.8969299793243395
Portugal,PRT,2002,2.93807005882263
Portugal,PRT,2003,3.1104500293731703
Portugal,PRT,2004,2.8453400135040297
Portugal,PRT,2005,3.23426008224487
Portugal,PRT,2006,2.8454198837280296
Portugal,PRT,2007,3.19992995262146
Portugal,PRT,2008,3.0617799758911097
Portugal,PRT,2009,3.3542098999023398
Portugal,PRT,2010,3.39369010925293
Portugal,PRT,2011,3.39935994148254
Portugal,PRT,2012,3.28011989593506
Portugal,PRT,2013,2.56731009483337
Qatar,QAT,1998,12.6426095962524
Qatar,QAT,1999,12.9166698455811
Qatar,QAT,2001,16.046409606933597
Qatar,QAT,2002,16.3985004425049
Qatar,QAT,2003,16.9563007354736
Qatar,QAT,2004,14.574139595031701
Qatar,QAT,2005,18.9473094940186
Qatar,QAT,2006,17.807300567627
Qatar,QAT,2007,18.029109954834002
Qatar,QAT,2008,17.28125
Qatar,QAT,2009,18.512140274047898
Qatar,QAT,2010,20.4049301147461
Qatar,QAT,2011,18.625019073486303
Qatar,QAT,2012,20.760450363159197
Qatar,QAT,2013,24.1067409515381
Romania,ROU,1998,2.8156599998474103
Romania,ROU,1999,2.48675990104675
Romania,ROU,2000,2.77042007446289
Romania,ROU,2001,2.82876992225647
Romania,ROU,2002,3.00735998153687
Romania,ROU,2003,3.02636003494263
Romania,ROU,2004,2.91689991950989
Romania,ROU,2005,2.7496600151062
Romania,ROU,2006,2.6368401050567596
Romania,ROU,2007,2.4037001132965097
Romania,ROU,2008,2.14667010307312
Romania,ROU,2009,2.1554200649261497
Romania,ROU,2010,2.5639400482177703
Romania,ROU,2011,3.27281999588013
Russia,RUS,1998,0.49617999792099
Russia,RUS,1999,0.461459994316101
Russia,RUS,2000,0.45227000117301897
Russia,RUS,2001,0.419669985771179
Russia,RUS,2002,0.43999001383781394
Russia,RUS,2003,0.43325001001358004
Russia,RUS,2004,0.440510004758835
Russia,RUS,2005,0.438820004463196
Russia,RUS,2006,0.45574000477790794
Russia,RUS,2007,0.464830011129379
Russia,RUS,2008,0.474929988384247
Russia,RUS,2009,0.5121700167655939
Russia,RUS,2011,0.5983600020408629
Russia,RUS,2012,0.642199993133545
Russia,RUS,2013,0.672689974308014
Rwanda,RWA,1999,51.179988861084006
Rwanda,RWA,2000,33.4203605651855
Rwanda,RWA,2001,26.157289505004897
Rwanda,RWA,2002,23.4311695098877
Rwanda,RWA,2003,16.233190536499
Rwanda,RWA,2004,13.069950103759801
Rwanda,RWA,2005,12.1410303115845
Rwanda,RWA,2006,9.71084022521973
Rwanda,RWA,2007,9.00809001922607
Rwanda,RWA,2008,9.006959915161131
Rwanda,RWA,2009,8.07857036590576
Rwanda,RWA,2010,7.59904003143311
Rwanda,RWA,2011,6.716119766235349
Rwanda,RWA,2012,8.46846008300781
Rwanda,RWA,2013,6.684030055999759
Saint Kitts and Nevis,KNA,2008,57.7997703552246
Saint Lucia,LCA,2004,47.8336982727051
Saint Lucia,LCA,2005,51.304050445556605
Saint Lucia,LCA,2006,66.2960662841797
Saint Lucia,LCA,2007,88.52224731445308
Saint Lucia,LCA,2008,46.66667175292971
Saint Lucia,LCA,2009,44.742488861084006
Saint Lucia,LCA,2010,71.59149169921879
Saint Lucia,LCA,2011,52.9547996520996
Saint Lucia,LCA,2012,68.0332717895508
Saint Lucia,LCA,2013,48.0543098449707
Samoa,WSM,1998,65.7220001220703
Samoa,WSM,1999,52.5387496948242
Samoa,WSM,2000,83.1641311645508
San Marino,SMR,2000,75.2653884887695
San Marino,SMR,2008,86.1140975952148
San Marino,SMR,2010,85.5923233032227
San Marino,SMR,2011,88.9325180053711
San Marino,SMR,2012,143.69265747070298
Sao Tome and Principe,STP,2009,106.72348022460899
Sao Tome and Principe,STP,2010,76.2402114868164
Sao Tome and Principe,STP,2012,37.297679901123
Saudi Arabia,SAU,1998,3.3479599952697794
Saudi Arabia,SAU,1999,2.76323008537292
Saudi Arabia,SAU,2000,2.62959003448486
Saudi Arabia,SAU,2001,2.56541991233826
Saudi Arabia,SAU,2002,2.7342300415039102
Saudi Arabia,SAU,2003,2.16622996330261
Saudi Arabia,SAU,2004,2.03970003128052
Saudi Arabia,SAU,2005,2.05338001251221
Saudi Arabia,SAU,2006,2.16275000572205
Saudi Arabia,SAU,2007,2.98382997512817
Saudi Arabia,SAU,2008,3.47298002243042
Saudi Arabia,SAU,2009,4.13929986953735
Saudi Arabia,SAU,2010,4.72033023834229
Saudi Arabia,SAU,2011,5.06014013290405
Saudi Arabia,SAU,2012,5.29295015335083
Saudi Arabia,SAU,2013,5.42151021957397
Senegal,SEN,1999,19.2266998291016
Senegal,SEN,2004,21.1157608032227
Senegal,SEN,2005,19.6844501495361
Senegal,SEN,2006,19.533010482788104
Senegal,SEN,2007,17.111770629882802
Senegal,SEN,2008,13.5491199493408
Senegal,SEN,2009,12.8292999267578
Senegal,SEN,2010,13.535090446472198
Serbia,SRB,2001,7.20531988143921
Serbia,SRB,2002,7.674530029296879
Serbia,SRB,2003,5.91060018539429
Serbia,SRB,2004,5.643010139465329
Serbia,SRB,2005,5.2352399826049805
Serbia,SRB,2006,4.77918004989624
Serbia,SRB,2007,5.028069972991941
Serbia,SRB,2008,4.89838981628418
Serbia,SRB,2009,5.42260980606079
Serbia,SRB,2010,5.71261978149414
Serbia,SRB,2011,5.91372013092041
Serbia,SRB,2012,5.5135197639465305
Serbia,SRB,2013,4.97159004211426
Seychelles,SYC,2011,215.283233642578
Seychelles,SYC,2012,472.5
Seychelles,SYC,2013,198.450653076172
Sierra Leone,SLE,2000,13.6158103942871
Sierra Leone,SLE,2001,8.877519607543949
Sierra Leone,SLE,2002,9.334329605102539
Singapore,SGP,2008,10.222299575805698
Singapore,SGP,2009,10.0523195266724
Singapore,SGP,2010,9.66709995269775
Singapore,SGP,2011,8.98367023468018
Singapore,SGP,2012,9.04839038848877
Singapore,SGP,2013,8.84208965301514
Slovakia,SVK,1998,3.6867299079895
Slovakia,SVK,1999,3.5715999603271498
Slovakia,SVK,2000,4.2329797744751
Slovakia,SVK,2001,6.2994098663330105
Slovakia,SVK,2002,7.47534990310669
Slovakia,SVK,2003,8.62353038787842
Slovakia,SVK,2004,9.35134029388428
Slovakia,SVK,2005,10.1672801971436
Slovakia,SVK,2006,11.225640296936
Slovakia,SVK,2007,11.0836000442505
Slovakia,SVK,2008,11.4749298095703
Slovakia,SVK,2009,12.010749816894501
Slovakia,SVK,2010,13.1063804626465
Slovakia,SVK,2011,14.541210174560499
Slovakia,SVK,2012,14.9321699142456
Slovakia,SVK,2013,15.7988796234131
Slovenia,SVN,1998,2.57757997512817
Slovenia,SVN,1999,2.24451994895935
Slovenia,SVN,2000,6.909180164337161
Slovenia,SVN,2001,2.3045699596405
Slovenia,SVN,2002,2.28093004226685
Slovenia,SVN,2003,7.8091402053833
Slovenia,SVN,2004,2.4608199596405
Slovenia,SVN,2005,2.40741991996765
Slovenia,SVN,2006,2.0489699840545703
Slovenia,SVN,2007,1.96509003639221
Slovenia,SVN,2008,2.02971005439758
Slovenia,SVN,2009,2.16946005821228
Slovenia,SVN,2010,2.15570998191834
Slovenia,SVN,2011,2.39288997650146
Slovenia,SVN,2012,2.35665988922119
Slovenia,SVN,2013,2.7578399181366002
South Africa,ZAF,2012,0.643310010433197
South Asia,,1997,1.23535001277924
South Asia,,1998,1.0666799545288101
South Asia,,1999,0.957159996032715
South Asia,,2000,0.9448000192642209
South Asia,,2001,1.02279996871948
South Asia,,2002,1.2563699483871498
South Asia,,2003,1.37783002853394
South Asia,,2004,1.42765998840332
South Asia,,2005,1.50697004795074
South Asia,,2006,1.40595996379852
South Asia,,2007,1.3732600212097201
South Asia,,2008,1.36312997341156
South Asia,,2009,1.4019600152969398
South Asia,,2010,1.3166199922561599
South Asia,,2011,1.05218005180359
South Asia,,2012,0.9351099729537959
South Asia,,2013,0.925549983978271
South Korea,KOR,1998,2.4048099517822297
South Korea,KOR,1999,2.400710105896
South Korea,KOR,2000,2.3627700805664102
South Korea,KOR,2001,2.35109996795654
South Korea,KOR,2002,2.67041993141174
South Korea,KOR,2003,2.83611011505127
South Korea,KOR,2004,3.00590991973877
South Korea,KOR,2005,3.1400101184845
South Korea,KOR,2006,3.26971006393433
South Korea,KOR,2007,3.42429995536804
South Korea,KOR,2008,3.68033003807068
South Korea,KOR,2009,3.9467499256133998
South Korea,KOR,2010,3.87893009185791
South Korea,KOR,2011,3.8090500831604
South Korea,KOR,2013,3.48391008377075
Spain,ESP,1998,1.45601999759674
Spain,ESP,1999,1.4692900180816697
Spain,ESP,2000,1.5082900524139398
Spain,ESP,2001,1.47857999801636
Spain,ESP,2002,1.5000200271606399
Spain,ESP,2003,1.23777997493744
Spain,ESP,2004,1.3686300516128502
Spain,ESP,2005,1.36469995975494
Spain,ESP,2006,1.305379986763
Spain,ESP,2007,1.33846998214722
Spain,ESP,2008,1.1867100000381499
Spain,ESP,2009,1.22177004814148
Spain,ESP,2010,1.24823999404907
Spain,ESP,2011,1.34072005748749
Spain,ESP,2012,1.5200300216674798
Spain,ESP,2013,1.45424997806549
Sri Lanka,LKA,2010,6.4807300567627
Sri Lanka,LKA,2011,6.85362005233765
Sri Lanka,LKA,2012,5.99730014801025
Sri Lanka,LKA,2013,5.38297986984253
Sub-Saharan Africa,,1997,5.94189977645874
Sub-Saharan Africa,,1998,5.7052898406982395
Sub-Saharan Africa,,1999,5.70078992843628
Sub-Saharan Africa,,2000,5.6338200569152805
Sub-Saharan Africa,,2001,5.42430019378662
Sub-Saharan Africa,,2002,5.59686994552612
Sub-Saharan Africa,,2003,5.6468000411987305
Sub-Saharan Africa,,2004,5.29912996292114
Sub-Saharan Africa,,2005,5.07152986526489
Sub-Saharan Africa,,2006,4.9024801254272505
Sub-Saharan Africa,,2007,4.860159873962401
Sub-Saharan Africa,,2008,4.6255202293396
Sub-Saharan Africa,,2009,4.55354976654053
Sub-Saharan Africa,,2010,4.37996006011963
Sub-Saharan Africa,,2011,4.43806982040405
Sub-Saharan Africa,,2012,3.90448999404907
Sub-Saharan Africa,,2013,3.7068700790405296
Sub-Saharan Africa (excluding high-income countries),,1997,5.9099001884460405
Sub-Saharan Africa (excluding high-income countries),,1998,5.6746501922607395
Sub-Saharan Africa (excluding high-income countries),,1999,5.67173004150391
Sub-Saharan Africa (excluding high-income countries),,2000,5.599899768829349
Sub-Saharan Africa (excluding high-income countries),,2001,5.39929008483887
Sub-Saharan Africa (excluding high-income countries),,2002,5.57908010482788
Sub-Saharan Africa (excluding high-income countries),,2003,5.628689765930179
Sub-Saharan Africa (excluding high-income countries),,2004,5.27965021133423
Sub-Saharan Africa (excluding high-income countries),,2005,5.054329872131349
Sub-Saharan Africa (excluding high-income countries),,2006,4.88608980178833
Sub-Saharan Africa (excluding high-income countries),,2007,4.84392976760864
Sub-Saharan Africa (excluding high-income countries),,2008,4.60585021972656
Sub-Saharan Africa (excluding high-income countries),,2009,4.5207400321960405
Sub-Saharan Africa (excluding high-income countries),,2010,4.36073017120361
Sub-Saharan Africa (excluding high-income countries),,2011,4.41974020004272
Sub-Saharan Africa (excluding high-income countries),,2012,3.88634991645813
Sub-Saharan Africa (excluding high-income countries),,2013,3.69400000572205
Suriname,SUR,2002,20.4782104492188
Sweden,SWE,1998,4.5665998458862305
Sweden,SWE,1999,4.17219018936157
Sweden,SWE,2000,3.63256001472473
Sweden,SWE,2001,4.310289859771729
Sweden,SWE,2002,4.06292009353638
Sweden,SWE,2003,3.9207398891448997
Sweden,SWE,2004,3.05988001823425
Sweden,SWE,2005,3.1285700798034703
Sweden,SWE,2006,3.16543006896973
Sweden,SWE,2007,3.34325003623962
Sweden,SWE,2008,3.41059994697571
Sweden,SWE,2009,3.4980800151825
Sweden,SWE,2010,3.41514992713928
Sweden,SWE,2011,3.57445001602173
Sweden,SWE,2012,3.9078800678253196
Sweden,SWE,2013,4.05053997039795
Switzerland,CHE,1998,5.55114984512329
Switzerland,CHE,1999,5.58459997177124
Switzerland,CHE,2000,4.44015979766846
Switzerland,CHE,2001,5.21086978912354
Switzerland,CHE,2002,5.10281991958618
Switzerland,CHE,2003,4.2780499458313
Switzerland,CHE,2004,5.02813005447388
Switzerland,CHE,2005,4.81068992614746
Switzerland,CHE,2006,4.87174987792969
Switzerland,CHE,2007,4.9273400306701705
Switzerland,CHE,2008,4.573599815368651
Switzerland,CHE,2009,4.69731998443604
Switzerland,CHE,2010,4.57432985305786
Switzerland,CHE,2011,4.577980041503911
Switzerland,CHE,2012,4.3901801109314
Switzerland,CHE,2013,4.24426984786987
Syria,SYR,2002,6.0517902374267605
Syria,SYR,2003,5.822579860687259
Syria,SYR,2004,5.43652009963989
Syria,SYR,2005,4.66837978363037
Syria,SYR,2006,3.94293999671936
Syria,SYR,2007,3.68600988388062
Syria,SYR,2008,3.54651999473572
Syria,SYR,2009,3.44991993904114
Syria,SYR,2010,2.81384992599487
Syria,SYR,2011,3.02187991142273
Syria,SYR,2012,2.80908989906311
Syria,SYR,2013,3.4237699508667006
Tajikistan,TJK,1999,1.41938996315002
Tajikistan,TJK,2000,1.35299003124237
Tajikistan,TJK,2001,1.50117003917694
Tajikistan,TJK,2002,2.01750993728638
Tajikistan,TJK,2003,1.97567999362946
Tajikistan,TJK,2004,1.76988995075226
Tajikistan,TJK,2005,2.0298399925231903
Tajikistan,TJK,2006,1.7742600440978997
Tajikistan,TJK,2007,1.78472995758057
Tajikistan,TJK,2008,2.79147005081177
Tajikistan,TJK,2009,3.26090002059937
Tajikistan,TJK,2010,4.26284980773926
Tajikistan,TJK,2011,4.8084001541137695
Tajikistan,TJK,2012,4.32100009918213
Tajikistan,TJK,2013,5.007709980010991
Tanzania,TZA,1998,16.5683097839355
Tanzania,TZA,1999,14.220600128173801
Tanzania,TZA,2000,14.1055898666382
Tanzania,TZA,2001,15.2042503356934
Tanzania,TZA,2002,17.561840057373
Tanzania,TZA,2003,14.180919647216802
Tanzania,TZA,2004,9.890910148620609
Tanzania,TZA,2005,8.31105041503906
Tanzania,TZA,2010,7.3106198310852095
Tanzania,TZA,2012,3.0928099155426003
Tanzania,TZA,2013,3.14279007911682
Thailand,THA,1998,1.4159699678421
Thailand,THA,1999,1.21090996265411
Thailand,THA,2000,1.10548996925354
Thailand,THA,2001,1.05030000209808
Thailand,THA,2002,1.19550001621246
Thailand,THA,2003,1.1691700220108001
Thailand,THA,2004,1.15101003646851
Thailand,THA,2005,1.0859199762344398
Thailand,THA,2006,1.10304999351501
Thailand,THA,2007,1.0685600042343102
Thailand,THA,2008,1.0859800577163699
Thailand,THA,2009,1.1253800392150901
Thailand,THA,2010,1.1664099693298302
Thailand,THA,2011,1.08636999130249
Thailand,THA,2012,1.08250999450684
Thailand,THA,2013,1.06093001365662
Timor,TLS,2002,6.48658990859985
Timor,TLS,2009,20.2295703887939
Timor,TLS,2010,19.998920440673803
Togo,TGO,1998,15.9754199981689
Togo,TGO,2006,13.0009002685547
Togo,TGO,2007,10.8056001663208
Togo,TGO,2010,5.888390064239499
Togo,TGO,2011,5.3581600189209
Togo,TGO,2012,5.22221994400024
Togo,TGO,2013,5.15383005142212
Tonga,TON,1999,282.417572021484
Tonga,TON,2000,199.049423217773
Tonga,TON,2001,233.125823974609
Tonga,TON,2002,196.83332824707
Tonga,TON,2003,157.33532714843798
Trinidad and Tobago,TTO,1999,48.454830169677706
Trinidad and Tobago,TTO,2000,52.7562408447266
Trinidad and Tobago,TTO,2001,47.609710693359396
Trinidad and Tobago,TTO,2002,35.5565185546875
Trinidad and Tobago,TTO,2003,39.985931396484396
Trinidad and Tobago,TTO,2004,33.6099281311035
Tunisia,TUN,1998,6.73823976516724
Tunisia,TUN,1999,6.046929836273191
Tunisia,TUN,2000,5.712890148162839
Tunisia,TUN,2001,5.420040130615231
Tunisia,TUN,2002,5.57908010482788
Tunisia,TUN,2011,5.394579887390139
Tunisia,TUN,2012,5.2906198501586905
Tunisia,TUN,2013,5.00581979751587
Turkey,TUR,1998,3.62273001670837
Turkey,TUR,1999,3.5019900798797594
Turkey,TUR,2001,3.23995995521545
Turkey,TUR,2002,3.30484008789063
Turkey,TUR,2003,2.88319993019104
Turkey,TUR,2004,2.8144299983978303
Turkey,TUR,2005,2.63053011894226
Turkey,TUR,2006,1.59835994243622
Turkey,TUR,2007,1.6017199754715
Turkey,TUR,2008,1.73836994171143
Turkey,TUR,2009,1.70726001262665
Turkey,TUR,2010,1.47011995315552
Turkey,TUR,2011,1.3942400217056299
Turkey,TUR,2012,1.22649002075195
Turkey,TUR,2013,0.9036800265312191
Turks and Caicos Islands,TCA,2008,12550
Turks and Caicos Islands,TCA,2010,4480
Uganda,UGA,1999,5.23514986038208
Uganda,UGA,2000,3.9535000324249303
Uganda,UGA,2001,3.66741991043091
Uganda,UGA,2002,3.00268006324768
Uganda,UGA,2003,2.90664005279541
Uganda,UGA,2004,2.85374999046326
Uganda,UGA,2006,2.8501501083374
Uganda,UGA,2008,3.12220001220703
Uganda,UGA,2009,3.1353499889373797
Uganda,UGA,2010,3.1132400035858194
Uganda,UGA,2011,3.5117599964141806
Ukraine,UKR,1998,0.788420021533966
Ukraine,UKR,1999,0.764819979667664
Ukraine,UKR,2000,1.1532100439071697
Ukraine,UKR,2001,0.944019973278046
Ukraine,UKR,2002,1.04098999500275
Ukraine,UKR,2003,0.8338500261306759
Ukraine,UKR,2004,1.01094996929169
Ukraine,UKR,2005,1.02491998672485
Ukraine,UKR,2006,0.9420999884605409
Ukraine,UKR,2007,0.950139999389648
Ukraine,UKR,2008,1.14371001720428
Ukraine,UKR,2009,1.2085599899291999
Ukraine,UKR,2010,1.37391996383667
Ukraine,UKR,2011,1.4585499763488798
Ukraine,UKR,2012,1.5706100463867199
Ukraine,UKR,2013,1.79858994483948
United Arab Emirates,ARE,2007,7.66319990158081
United Arab Emirates,ARE,2008,7.812429904937741
United Arab Emirates,ARE,2009,7.6573200225830105
United Arab Emirates,ARE,2010,7.896389961242679
United Arab Emirates,ARE,2011,7.3878498077392605
United Arab Emirates,ARE,2012,6.949130058288571
United Arab Emirates,ARE,2013,6.427649974823001
United Kingdom,GBR,1998,1.4517999887466397
United Kingdom,GBR,1999,1.3336199522018402
United Kingdom,GBR,2000,1.1031099557876598
United Kingdom,GBR,2001,1.35063004493713
United Kingdom,GBR,2002,1.32095003128052
United Kingdom,GBR,2003,1.39374995231628
United Kingdom,GBR,2004,1.06807005405426
United Kingdom,GBR,2005,1.00775003433228
United Kingdom,GBR,2006,0.994229972362518
United Kingdom,GBR,2007,1.06561005115509
United Kingdom,GBR,2008,0.930450022220612
United Kingdom,GBR,2009,0.976180016994476
United Kingdom,GBR,2010,0.992269992828369
United Kingdom,GBR,2011,1.1498500108718899
United Kingdom,GBR,2012,1.05592000484467
United Kingdom,GBR,2013,1.1473100185394298
United States,USA,1998,0.28762000799179105
United States,USA,1999,0.301420003175735
United States,USA,2000,0.329340010881424
United States,USA,2001,0.3507199883461
United States,USA,2002,0.328280001878738
United States,USA,2003,0.30959999561309803
United States,USA,2004,0.299569994211197
United States,USA,2005,0.30511000752448997
United States,USA,2006,0.3111900091171261
United States,USA,2007,0.32352998852729803
United States,USA,2008,0.303009986877441
United States,USA,2009,0.298469990491867
United States,USA,2010,0.28150999546051
United States,USA,2011,0.28435000777244607
United States,USA,2012,0.287209987640381
United States,USA,2013,0.301869988441467
Upper-middle-income countries,,1997,2.32132005691528
Upper-middle-income countries,,1998,2.2339699268341096
Upper-middle-income countries,,1999,2.1122601032257102
Upper-middle-income countries,,2000,2.03762006759644
Upper-middle-income countries,,2001,1.9463900327682502
Upper-middle-income countries,,2002,2.03162002563477
Upper-middle-income countries,,2003,2.10156011581421
Upper-middle-income countries,,2004,2.02066993713379
Upper-middle-income countries,,2005,1.94963002204895
Upper-middle-income countries,,2006,1.7550799846649199
Upper-middle-income countries,,2007,1.73037004470825
Upper-middle-income countries,,2008,1.7669099569320699
Upper-middle-income countries,,2009,1.7987999916076698
Upper-middle-income countries,,2010,1.8436800241470301
Upper-middle-income countries,,2011,1.95660996437073
Upper-middle-income countries,,2012,1.94595003128052
Upper-middle-income countries,,2013,1.9025800228118899
Uruguay,URY,1998,1.36383998394012
Uruguay,URY,1999,1.46914994716644
Uruguay,URY,2000,1.61448001861572
Uruguay,URY,2001,1.5418299436569198
Uruguay,URY,2002,1.7516800165176398
Uruguay,URY,2003,1.87553000450134
Uruguay,URY,2004,1.80342996120453
Uruguay,URY,2005,1.82731997966766
Uruguay,URY,2006,1.8842200040817298
Uruguay,URY,2007,1.66591000556946
Uruguay,URY,2008,1.49142003059387
Uruguay,URY,2009,1.5258799791336102
Uruguay,URY,2010,1.75628995895386
Uzbekistan,UZB,1999,4.57245016098022
Uzbekistan,UZB,2000,4.36088991165161
Uzbekistan,UZB,2001,3.4638700485229506
Uzbekistan,UZB,2002,3.75463008880615
Uzbekistan,UZB,2003,3.53540992736816
Uzbekistan,UZB,2004,4.586830139160161
Uzbekistan,UZB,2005,8.78330039978027
Uzbekistan,UZB,2006,10.3963203430176
Uzbekistan,UZB,2007,11.1065998077393
Uzbekistan,UZB,2008,10.489839553832999
Uzbekistan,UZB,2009,9.644829750061039
Uzbekistan,UZB,2010,8.38481044769287
Uzbekistan,UZB,2011,8.42502021789551
Vanuatu,VUT,1999,119.751167297363
Vanuatu,VUT,2000,117.83537292480499
Vanuatu,VUT,2001,116.987648010254
Vanuatu,VUT,2002,91.4338912963867
Vanuatu,VUT,2003,92.0131301879883
Vanuatu,VUT,2004,87.90576171875
Venezuela,VEN,2000,1.19883000850677
Venezuela,VEN,2002,1.05250000953674
Venezuela,VEN,2003,1.03610002994537
Venezuela,VEN,2004,0.9260799884796139
Venezuela,VEN,2008,0.594659984111786
Venezuela,VEN,2009,0.610080003738403
Vietnam,VNM,1998,1.08192002773285
Vietnam,VNM,1999,1.0084300041198702
Vietnam,VNM,2000,1.24934005737305
Vietnam,VNM,2001,1.3142100572586102
Vietnam,VNM,2002,1.5543400049209601
Vietnam,VNM,2003,1.79497003555298
Vietnam,VNM,2005,1.53561997413635
Vietnam,VNM,2006,1.6348700523376498
Vietnam,VNM,2007,1.76442003250122
Vietnam,VNM,2008,2.20649003982544
Vietnam,VNM,2009,2.47672009468079
Vietnam,VNM,2010,2.33949995040894
Vietnam,VNM,2011,2.3336598873138397
Vietnam,VNM,2012,2.34405994415283
Vietnam,VNM,2013,2.3797800540924103
World,OWID_WRL,1997,1.97491002082825
World,OWID_WRL,1998,1.9185299873352097
World,OWID_WRL,1999,1.8425699472427401
World,OWID_WRL,2000,1.82816004753113
World,OWID_WRL,2001,1.80515003204346
World,OWID_WRL,2002,1.8596800565719598
World,OWID_WRL,2003,1.9061199426651
World,OWID_WRL,2004,1.82430005073547
World,OWID_WRL,2005,1.81905996799469
World,OWID_WRL,2006,1.7274899482727097
World,OWID_WRL,2007,1.73757994174957
World,OWID_WRL,2008,1.7465599775314298
World,OWID_WRL,2009,1.7878999710083001
World,OWID_WRL,2010,1.7980600595474199
World,OWID_WRL,2011,1.8071099519729599
World,OWID_WRL,2012,1.77404999732971
World,OWID_WRL,2013,1.78548002243042
Yemen,YEM,1999,3.5689499378204306
Yemen,YEM,2002,3.87064003944397
Yemen,YEM,2003,3.9606299400329603
Yemen,YEM,2004,4.53087997436523
Yemen,YEM,2005,4.5896902084350595
Yemen,YEM,2006,4.625239849090581
Yemen,YEM,2007,3.83101010322571
Yemen,YEM,2008,4.10009002685547
Yemen,YEM,2009,4.08810997009277
Yemen,YEM,2010,3.31173992156982
Yemen,YEM,2011,5.02652978897095
Zambia,ZMB,1998,11.7395696640015
Zambia,ZMB,1999,16.9682598114014
Zambia,ZMB,2000,20.8406295776367
Zimbabwe,ZWE,2010,26.6732902526855
Zimbabwe,ZWE,2011,30.7656192779541
Zimbabwe,ZWE,2012,17.0323505401611
Zimbabwe,ZWE,2013,16.8780002593994