Entity,Code,Year,"Inbound mobility rate, both sexes (%)"
Albania,ALB,1998,2.18372011184692
Albania,ALB,1999,2.12976002693176
Albania,ALB,2000,1.6897200345993
Albania,ALB,2001,1.58105003833771
Albania,ALB,2003,1.05045998096466
Albania,ALB,2004,0.911080002784729
Albania,ALB,2011,1.0973000526428198
Albania,ALB,2012,1.30006003379822
Albania,ALB,2013,1.81414997577667
Albania,ALB,2014,2.10966992378235
Algeria,DZA,2004,0.652800023555756
Algeria,DZA,2005,0.6745200157165531
Algeria,DZA,2006,0.716780006885529
Algeria,DZA,2007,0.6332299709320071
Algeria,DZA,2009,0.527719974517822
Algeria,DZA,2010,0.5718899965286249
Algeria,DZA,2011,0.5493199825286871
Algeria,DZA,2012,0.5958200097084051
Algeria,DZA,2013,0.5910199880599979
Algeria,DZA,2014,0.638549983501434
Andorra,AND,2002,10.112360000610401
Andorra,AND,2003,10.130720138549801
Andorra,AND,2013,36.2453498840332
Angola,AGO,1998,0.599740028381348
Antigua and Barbuda,ATG,2009,7.71456003189087
Antigua and Barbuda,ATG,2010,14.01708984375
Antigua and Barbuda,ATG,2011,9.55055999755859
Antigua and Barbuda,ATG,2012,11.9977703094482
Arab World,,2002,2.6472499370575
Arab World,,2003,2.61834001541138
Arab World,,2004,2.43312001228333
Arab World,,2005,2.2982399463653596
Arab World,,2006,2.32265996932983
Arab World,,2007,2.3893098831176802
Arab World,,2008,2.4832799434661896
Arab World,,2009,2.59087991714478
Arab World,,2010,2.70100998878479
Arab World,,2011,2.85174989700317
Arab World,,2012,2.82066011428833
Arab World,,2013,2.95943999290466
Argentina,ARG,1998,0.185589998960495
Argentina,ARG,2000,0.18422000110149397
Armenia,ARM,2002,2.31654000282288
Armenia,ARM,2003,2.06118988990784
Armenia,ARM,2004,3.0896599292755096
Armenia,ARM,2005,3.6154999732971205
Armenia,ARM,2006,3.64394998550415
Armenia,ARM,2007,3.49457001686096
Armenia,ARM,2008,3.2869699001312296
Armenia,ARM,2009,3.39274001121521
Armenia,ARM,2010,2.7483301162719704
Armenia,ARM,2011,3.0058999061584504
Armenia,ARM,2012,3.4337999820709197
Armenia,ARM,2013,3.01630997657776
Armenia,ARM,2014,3.94906997680664
Aruba,ABW,2003,5.4425802230835
Aruba,ABW,2005,1.8993400335311899
Aruba,ABW,2006,8.07067966461182
Aruba,ABW,2008,2.27474999427795
Aruba,ABW,2009,4.87249994277954
Aruba,ABW,2010,2.70386004447937
Aruba,ABW,2011,3.55431008338928
Aruba,ABW,2012,1.37352001667023
Australia,AUS,1998,12.590950012207001
Australia,AUS,1999,13.893090248107901
Australia,AUS,2000,12.5144901275635
Australia,AUS,2001,13.927539825439501
Australia,AUS,2002,17.7452297210693
Australia,AUS,2003,18.7042007446289
Australia,AUS,2004,16.6455001831055
Australia,AUS,2005,17.2785396575928
Australia,AUS,2006,17.7579593658447
Australia,AUS,2007,19.518600463867198
Australia,AUS,2008,20.632869720459002
Australia,AUS,2009,21.472520828247102
Australia,AUS,2010,21.248220443725604
Australia,AUS,2011,19.829759597778303
Australia,AUS,2012,18.2955207824707
Australia,AUS,2013,17.9699401855469
Austria,AUT,1999,11.791150093078599
Austria,AUT,2000,11.630410194397
Austria,AUT,2001,11.970419883728
Austria,AUT,2002,12.7168302536011
Austria,AUT,2003,13.533820152282699
Austria,AUT,2004,14.131609916687
Austria,AUT,2006,15.536520004272498
Austria,AUT,2007,16.6958503723145
Austria,AUT,2008,18.749280929565398
Austria,AUT,2009,19.375299453735398
Austria,AUT,2010,19.5949592590332
Austria,AUT,2011,19.5020999908447
Austria,AUT,2012,15.4200000762939
Austria,AUT,2013,16.7587299346924
Austria,AUT,2014,15.470350265502901
Azerbaijan,AZE,2006,1.99291002750397
Azerbaijan,AZE,2007,2.35576009750366
Azerbaijan,AZE,2008,3.0305399894714395
Azerbaijan,AZE,2009,3.5035200119018595
Azerbaijan,AZE,2010,3.1683099269866903
Azerbaijan,AZE,2011,2.8024299144744904
Azerbaijan,AZE,2012,2.5038700103759797
Azerbaijan,AZE,2013,2.36739993095398
Azerbaijan,AZE,2014,2.25484991073608
Bahrain,BHR,2003,6.9762601852417
Bahrain,BHR,2005,4.230140209198
Bahrain,BHR,2006,3.65158009529114
Bahrain,BHR,2014,13.213339805603
Bangladesh,BGD,2002,0.0413900017738342
Bangladesh,BGD,2003,0.0438800007104874
Bangladesh,BGD,2004,0.0818200036883354
Bangladesh,BGD,2005,0.0820500031113625
Bangladesh,BGD,2006,0.0891299992799759
Bangladesh,BGD,2007,0.0584100000560284
Bangladesh,BGD,2008,0.0810299962759018
Bangladesh,BGD,2009,0.10042999684810601
Barbados,BRB,2001,7.38187980651855
Barbados,BRB,2007,7.80358982086182
Barbados,BRB,2009,10.4998598098755
Barbados,BRB,2010,12.9534502029419
Barbados,BRB,2011,13.7992095947266
Belarus,BLR,1999,0.702210009098053
Belarus,BLR,2000,0.651679992675781
Belarus,BLR,2001,0.40959000587463396
Belarus,BLR,2002,0.566510021686554
Belarus,BLR,2003,0.206900000572205
Belarus,BLR,2004,0.478560000658035
Belarus,BLR,2005,0.680599987506866
Belarus,BLR,2006,0.6510800123214721
Belarus,BLR,2007,0.7947499752044681
Belarus,BLR,2008,1.08535003662109
Belarus,BLR,2009,1.24191999435425
Belarus,BLR,2010,1.50393998622894
Belarus,BLR,2011,1.7428499460220301
Belarus,BLR,2012,2.06324005126953
Belarus,BLR,2013,2.40871000289917
Belarus,BLR,2014,2.88343000411987
Belgium,BEL,1999,10.2721004486084
Belgium,BEL,2000,10.9063196182251
Belgium,BEL,2001,10.6189002990723
Belgium,BEL,2002,10.9961795806885
Belgium,BEL,2003,11.175550460815401
Belgium,BEL,2004,6.7861499786377
Belgium,BEL,2005,5.40473985671997
Belgium,BEL,2006,6.3012900352478
Belgium,BEL,2007,6.40152978897095
Belgium,BEL,2008,7.4303097724914595
Belgium,BEL,2009,7.984360218048099
Belgium,BEL,2010,8.11256980895996
Belgium,BEL,2011,8.18867969512939
Belgium,BEL,2012,8.98324012756348
Belgium,BEL,2013,9.97935962677002
Benin,BEN,2008,6.49498987197876
Benin,BEN,2010,7.92082977294922
Bermuda,BMU,2009,5.12445020675659
Bermuda,BMU,2010,5.98896980285645
Bermuda,BMU,2011,7.0068497657775906
Bermuda,BMU,2012,6.7292599678039595
Bermuda,BMU,2014,19.6245708465576
Bolivia,BOL,1998,0.500509977340698
Bosnia and Herzegovina,BIH,2011,4.8243899345397905
Bosnia and Herzegovina,BIH,2012,5.879549980163571
Bosnia and Herzegovina,BIH,2013,6.48271989822388
Bosnia and Herzegovina,BIH,2014,7.27606010437012
Botswana,BWA,2005,3.3273999691009504
Botswana,BWA,2013,2.57037997245789
Botswana,BWA,2014,1.63082003593445
Brazil,BRA,2002,0.0351700000464916
Brazil,BRA,2003,0.031190000474453
Brazil,BRA,2004,0.0261300001293421
Brazil,BRA,2009,0.26682999730110196
Brazil,BRA,2010,0.22491000592708602
Brazil,BRA,2011,0.208269998431206
Brazil,BRA,2012,0.21018999814987196
Brunei,BRN,1998,3.25676989555359
Brunei,BRN,1999,1.8353600502014198
Brunei,BRN,2000,1.95782995223999
Brunei,BRN,2001,4.219689846038819
Brunei,BRN,2003,0.901889979839325
Brunei,BRN,2004,4.02685022354126
Brunei,BRN,2005,3.26498007774353
Brunei,BRN,2006,2.9446399211883505
Brunei,BRN,2007,3.34974002838135
Brunei,BRN,2008,3.38861989974976
Brunei,BRN,2009,4.83052015304565
Brunei,BRN,2010,3.9646799564361603
Brunei,BRN,2011,5.61425018310547
Brunei,BRN,2012,4.2466402053833
Brunei,BRN,2014,3.1881000995636
Bulgaria,BGR,1999,3.11467003822327
Bulgaria,BGR,2000,3.1061398983001696
Bulgaria,BGR,2001,3.2914199829101602
Bulgaria,BGR,2002,3.50184011459351
Bulgaria,BGR,2003,3.481369972229
Bulgaria,BGR,2004,3.62677001953125
Bulgaria,BGR,2005,3.59381008148193
Bulgaria,BGR,2006,3.84491991996765
Bulgaria,BGR,2007,3.5176999568939196
Bulgaria,BGR,2008,3.50446009635925
Bulgaria,BGR,2009,3.4359500408172594
Bulgaria,BGR,2010,3.50417995452881
Bulgaria,BGR,2011,3.6264500617980997
Bulgaria,BGR,2012,3.934809923172
Bulgaria,BGR,2013,4.08298015594482
Bulgaria,BGR,2014,3.98243999481201
Burkina Faso,BFA,2005,3.14937996864319
Burkina Faso,BFA,2011,3.58536005020142
Burkina Faso,BFA,2012,2.96107006072998
Burkina Faso,BFA,2013,2.89999008178711
Burundi,BDI,1999,2.91840004920959
Burundi,BDI,2000,2.9191100597381605
Burundi,BDI,2002,4.82646989822388
Burundi,BDI,2010,6.194270133972171
Burundi,BDI,2011,2.19969010353088
Burundi,BDI,2012,8.0454797744751
Burundi,BDI,2013,0.9980599880218509
Cambodia,KHM,2001,0.141639992594719
Cambodia,KHM,2002,0.12184000015258802
Cambodia,KHM,2004,0.0881600007414818
Cambodia,KHM,2006,0.0718000009655952
Cameroon,CMR,2004,1.82234001159668
Cameroon,CMR,2005,1.59716999530792
Cameroon,CMR,2006,1.33501994609833
Cameroon,CMR,2007,1.07239997386932
Cameroon,CMR,2010,0.841459989547729
Cameroon,CMR,2011,1.38596999645233
Canada,CAN,1998,2.3575999736785898
Canada,CAN,1999,2.6597299575805695
Canada,CAN,2000,3.00703001022339
Cape Verde,CPV,2011,1.3510099649429301
Cape Verde,CPV,2012,1.12712001800537
Cape Verde,CPV,2013,0.964190006256104
Cape Verde,CPV,2014,1.35105001926422
Cayman Islands,CYM,2001,28.149610519409197
Cayman Islands,CYM,2006,35.273368835449205
Cayman Islands,CYM,2007,33.546329498291
Cayman Islands,CYM,2008,37.9385986328125
Central African Republic,CAF,2006,10.869569778442399
Central African Republic,CAF,2012,14.374699592590302
Chad,TCD,2008,0.42127001285553
Chad,TCD,2011,4.0165901184082005
Chile,CHL,1999,0.335509985685349
Chile,CHL,2000,0.7689499855041501
Chile,CHL,2002,0.93614000082016
Chile,CHL,2003,0.918860018253326
Chile,CHL,2005,0.29622000455856295
Chile,CHL,2007,1.05469000339508
Chile,CHL,2008,1.51047003269196
Chile,CHL,2009,0.8567299842834469
Chile,CHL,2010,0.973829984664917
Chile,CHL,2011,0.27687001228332503
Chile,CHL,2012,0.30935999751091
Chile,CHL,2013,0.255620002746582
China,CHN,2006,0.155760005116463
China,CHN,2007,0.166250005364418
China,CHN,2008,0.191210001707077
China,CHN,2009,0.20893999934196497
China,CHN,2010,0.23085999488830602
China,CHN,2011,0.254370003938675
China,CHN,2012,0.273059993982315
China,CHN,2013,0.28279998898506203
Colombia,COL,2014,0.0406999997794628
Comoros,COM,2012,0.0328599996864796
Congo,COG,2003,0.4130600094795229
Congo,COG,2011,0.11495000123977699
Congo,COG,2013,0.9287999868392941
Costa Rica,CRI,2004,1.43428003787994
Cote d'Ivoire,CIV,2009,1.2322100400924698
Cote d'Ivoire,CIV,2010,1.26013994216919
Cote d'Ivoire,CIV,2013,4.39797019958496
Cote d'Ivoire,CIV,2014,1.6770199537277202
Croatia,HRV,1999,0.476590007543564
Croatia,HRV,2001,2.61117005348206
Croatia,HRV,2002,0.624679982662201
Croatia,HRV,2003,2.3299000263214102
Croatia,HRV,2005,2.5687301158905
Croatia,HRV,2006,2.49843001365662
Croatia,HRV,2007,2.49149990081787
Croatia,HRV,2008,3.2975399494171103
Croatia,HRV,2009,0.501190006732941
Croatia,HRV,2010,0.559210002422333
Croatia,HRV,2011,0.448170006275177
Croatia,HRV,2012,0.535319983959198
Cuba,CUB,2000,3.88785004615784
Cuba,CUB,2001,5.46846008300781
Cuba,CUB,2002,6.1156902313232395
Cuba,CUB,2003,7.294579982757571
Cuba,CUB,2004,3.45635008811951
Cuba,CUB,2005,3.05472993850708
Cuba,CUB,2006,2.20472002029419
Cuba,CUB,2007,3.10911011695862
Cuba,CUB,2008,3.00804996490479
Cuba,CUB,2009,3.18891000747681
Cuba,CUB,2010,3.77513003349304
Cuba,CUB,2011,4.10800981521606
Cuba,CUB,2012,4.52201986312866
Curacao,CUW,2013,100
Cyprus,CYP,1999,17.1555099487305
Cyprus,CYP,2000,19.444980621337898
Cyprus,CYP,2001,20.7139301300049
Cyprus,CYP,2002,21.957349777221697
Cyprus,CYP,2003,28.9076194763184
Cyprus,CYP,2004,32.035110473632805
Cyprus,CYP,2005,24.379919052124
Cyprus,CYP,2006,25.7881202697754
Cyprus,CYP,2007,25.1495895385742
Cyprus,CYP,2008,27.9352207183838
Cyprus,CYP,2009,31.7756404876709
Cyprus,CYP,2010,31.9300098419189
Cyprus,CYP,2011,27.9905300140381
Cyprus,CYP,2012,23.4609107971191
Cyprus,CYP,2013,14.878769874572802
Cyprus,CYP,2014,14.3493499755859
Czechia,CZE,1999,1.98205995559692
Czechia,CZE,2000,2.15533995628357
Czechia,CZE,2001,2.98025989532471
Czechia,CZE,2002,3.4282999038696302
Czechia,CZE,2003,3.60208010673523
Czechia,CZE,2004,4.68014001846313
Czechia,CZE,2005,5.50747013092041
Czechia,CZE,2006,6.32971000671387
Czechia,CZE,2007,6.7394900321960405
Czechia,CZE,2008,7.10934019088745
Czechia,CZE,2009,7.34658002853394
Czechia,CZE,2010,8.00084018707275
Czechia,CZE,2011,8.5263500213623
Czechia,CZE,2012,8.96236038208008
Czechia,CZE,2013,9.390299797058109
Democratic Republic of Congo,COD,2008,0.29603999853134194
Democratic Republic of Congo,COD,2011,0.459719985723495
Democratic Republic of Congo,COD,2013,1.1770299673080402
Denmark,DNK,1999,6.48787021636963
Denmark,DNK,2000,6.80422019958496
Denmark,DNK,2001,6.5341501235961905
Denmark,DNK,2002,7.38007020950317
Denmark,DNK,2003,8.98159027099609
Denmark,DNK,2004,4.55118989944458
Denmark,DNK,2005,4.41368007659912
Denmark,DNK,2006,5.32214021682739
Denmark,DNK,2007,5.46741008758545
Denmark,DNK,2008,2.7693099975585898
Denmark,DNK,2009,5.36377000808716
Denmark,DNK,2010,7.5377497673034695
Denmark,DNK,2011,7.82136011123657
Denmark,DNK,2012,8.13101005554199
Denmark,DNK,2013,10.125470161438
Dominican Republic,DOM,2012,3.48344993591309
Dominican Republic,DOM,2014,2.3421399593353303
East Asia and Pacific,,1997,1.29579997062683
East Asia and Pacific,,1998,1.2507499456405602
East Asia and Pacific,,1999,1.21890997886658
East Asia and Pacific,,2000,1.1751500368118302
East Asia and Pacific,,2001,1.13835000991821
East Asia and Pacific,,2002,1.32468998432159
East Asia and Pacific,,2003,1.30703997612
East Asia and Pacific,,2004,1.2381500005722
East Asia and Pacific,,2005,1.20708000659943
East Asia and Pacific,,2006,1.17288994789124
East Asia and Pacific,,2007,1.2017400264740001
East Asia and Pacific,,2008,1.24493002891541
East Asia and Pacific,,2009,1.32749998569489
East Asia and Pacific,,2010,1.37460005283356
East Asia and Pacific,,2011,1.3831599950790399
East Asia and Pacific,,2012,1.31246995925903
East Asia and Pacific,,2013,1.2865799665451
East Asia and Pacific (excluding high-income countries),,1998,0.36728999018669106
East Asia and Pacific (excluding high-income countries),,1999,0.33967998623848
East Asia and Pacific (excluding high-income countries),,2000,0.40167999267578103
East Asia and Pacific (excluding high-income countries),,2004,0.260049998760223
East Asia and Pacific (excluding high-income countries),,2005,0.24728000164032002
East Asia and Pacific (excluding high-income countries),,2006,0.244690001010895
East Asia and Pacific (excluding high-income countries),,2007,0.268860012292862
East Asia and Pacific (excluding high-income countries),,2008,0.30820998549461404
East Asia and Pacific (excluding high-income countries),,2009,0.361950010061264
East Asia and Pacific (excluding high-income countries),,2010,0.385140001773834
East Asia and Pacific (excluding high-income countries),,2011,0.394450008869171
East Asia and Pacific (excluding high-income countries),,2012,0.38187000155448897
East Asia and Pacific (excluding high-income countries),,2013,0.38183999061584495
Ecuador,ECU,2012,0.589470028877258
Egypt,EGY,2003,1.29477000236511
Egypt,EGY,2004,1.28559005260468
Egypt,EGY,2005,1.3062599897384601
Egypt,EGY,2006,1.39679002761841
Egypt,EGY,2007,1.4097100496292099
Egypt,EGY,2010,1.85239005088806
Egypt,EGY,2013,1.7757099866867099
El Salvador,SLV,1998,0.475239992141724
El Salvador,SLV,2000,0.490079998970032
El Salvador,SLV,2001,0.49024000763893105
El Salvador,SLV,2002,0.44192999601364097
El Salvador,SLV,2003,0.450560003519058
El Salvador,SLV,2005,0.43615999817848206
El Salvador,SLV,2006,0.49696999788284296
El Salvador,SLV,2007,0.580739974975586
El Salvador,SLV,2008,0.6276400089263922
El Salvador,SLV,2009,0.5241600275039671
El Salvador,SLV,2010,0.509289979934692
El Salvador,SLV,2011,0.488860011100769
El Salvador,SLV,2012,0.405039995908737
El Salvador,SLV,2013,0.42882001399993896
Eritrea,ERI,1999,2.30345988273621
Eritrea,ERI,2000,1.28173995018005
Estonia,EST,1999,1.62887001037598
Estonia,EST,2000,1.6096800565719598
Estonia,EST,2001,1.0471099615097
Estonia,EST,2002,0.748579978942871
Estonia,EST,2003,1.71316003799438
Estonia,EST,2004,1.2641099691391002
Estonia,EST,2005,1.56581997871399
Estonia,EST,2006,1.5537600517272903
Estonia,EST,2007,1.40473997592926
Estonia,EST,2008,1.51391005516052
Estonia,EST,2009,1.58920001983643
Estonia,EST,2010,1.7829999923706101
Estonia,EST,2011,2.06908011436462
Estonia,EST,2012,2.32667994499207
Estonia,EST,2013,2.89478993415833
Eswatini,SWZ,1999,2.54098010063171
Eswatini,SWZ,2000,2.30054998397827
Eswatini,SWZ,2002,2.4456000328063996
Eswatini,SWZ,2006,2.14335989952087
Eswatini,SWZ,2011,0.8872399926185609
Eswatini,SWZ,2013,0.508870005607605
Euro area,,1998,4.71919012069702
Euro area,,1999,4.69622993469238
Euro area,,2000,4.89058017730713
Euro area,,2001,5.08323001861572
Euro area,,2002,5.42776012420654
Euro area,,2003,6.22173976898193
Euro area,,2004,6.064129829406741
Euro area,,2005,5.9386100769042995
Euro area,,2006,6.04370021820068
Euro area,,2007,6.26730012893677
Euro area,,2008,6.37341022491455
Euro area,,2009,6.4726700782775906
Euro area,,2010,6.64283990859985
Euro area,,2011,6.84815979003906
Euro area,,2012,6.87658977508545
Euro area,,2013,6.7834000587463406
Europe and Central Asia,,1998,3.56841993331909
Europe and Central Asia,,1999,3.5096199512481703
Europe and Central Asia,,2000,3.4319698810577406
Europe and Central Asia,,2001,3.42060995101929
Europe and Central Asia,,2002,3.4355700016021697
Europe and Central Asia,,2003,3.66778993606567
Europe and Central Asia,,2004,3.7075400352477996
Europe and Central Asia,,2005,3.75543999671936
Europe and Central Asia,,2006,3.7456300258636497
Europe and Central Asia,,2007,3.81474995613098
Europe and Central Asia,,2008,4.01512002944946
Europe and Central Asia,,2009,4.09911012649536
Europe and Central Asia,,2010,4.3118400573730495
Europe and Central Asia,,2011,4.62215995788574
Europe and Central Asia,,2012,4.7762598991394
Europe and Central Asia,,2013,4.75138998031616
Europe and Central Asia (excluding high-income countries),,1998,1.80813002586365
Europe and Central Asia (excluding high-income countries),,1999,1.79111003875732
Europe and Central Asia (excluding high-income countries),,2000,1.6380900144577
Europe and Central Asia (excluding high-income countries),,2001,1.4248800277709999
Europe and Central Asia (excluding high-income countries),,2002,1.46907997131348
Europe and Central Asia (excluding high-income countries),,2003,1.28509998321533
Europe and Central Asia (excluding high-income countries),,2004,1.32521998882294
Europe and Central Asia (excluding high-income countries),,2005,1.4804999828338603
Europe and Central Asia (excluding high-income countries),,2006,1.47137999534607
Europe and Central Asia (excluding high-income countries),,2007,1.51092994213104
Europe and Central Asia (excluding high-income countries),,2008,1.60334002971649
Europe and Central Asia (excluding high-income countries),,2009,1.5180900096893302
Europe and Central Asia (excluding high-income countries),,2010,1.5466400384903
Europe and Central Asia (excluding high-income countries),,2011,1.60889995098114
Europe and Central Asia (excluding high-income countries),,2012,1.7046099901199299
Europe and Central Asia (excluding high-income countries),,2013,1.88558995723724
European Union,,1998,5.078179836273191
European Union,,1999,5.04897022247314
European Union,,2000,5.0864200592041
European Union,,2001,5.14800977706909
European Union,,2002,5.240129947662349
European Union,,2003,5.85536003112793
European Union,,2004,5.85333013534546
European Union,,2005,5.85616016387939
European Union,,2006,5.96317005157471
European Union,,2007,6.2032299041748
European Union,,2008,6.21320009231567
European Union,,2009,6.39906978607178
European Union,,2010,6.7062702178955105
European Union,,2011,7.11815977096558
European Union,,2012,7.23656988143921
European Union,,2013,7.31338977813721
Fiji,FJI,2004,32.9421882629395
Finland,FIN,1998,1.7320699691772499
Finland,FIN,1999,1.8437399864196797
Finland,FIN,2000,2.06154990196228
Finland,FIN,2001,2.24869990348816
Finland,FIN,2002,2.3819200992584197
Finland,FIN,2003,2.52378988265991
Finland,FIN,2004,2.6393198966980003
Finland,FIN,2005,2.75886011123657
Finland,FIN,2006,3.72661995887756
Finland,FIN,2007,3.25588989257813
Finland,FIN,2008,3.6502699851989706
Finland,FIN,2009,4.24549007415771
Finland,FIN,2010,4.64398002624512
Finland,FIN,2011,5.09412002563477
Finland,FIN,2012,5.708849906921389
Finland,FIN,2013,7.07390022277832
France,FRA,1999,6.507919788360599
France,FRA,2000,6.8020601272583
France,FRA,2001,7.254950046539309
France,FRA,2002,8.15289974212646
France,FRA,2003,10.455470085144
France,FRA,2004,10.9978704452515
France,FRA,2005,10.8128299713135
France,FRA,2006,11.2443199157715
France,FRA,2007,11.315050125122099
France,FRA,2008,11.2465600967407
France,FRA,2009,11.4661598205566
France,FRA,2010,11.577899932861301
France,FRA,2011,11.870690345764197
France,FRA,2012,11.818940162658699
France,FRA,2013,10.2365303039551
Gabon,GAB,1999,5.64699983596802
Gabon,GAB,2001,4.53142023086548
Gabon,GAB,2003,3.6919400691986097
Georgia,GEO,1999,0.26197999715805104
Georgia,GEO,2000,0.148129999637604
Georgia,GEO,2001,0.298660010099411
Georgia,GEO,2002,0.29502001404762296
Georgia,GEO,2003,0.27790001034736606
Georgia,GEO,2004,0.285050004720688
Georgia,GEO,2005,0.122230000793934
Georgia,GEO,2006,0.0993200019001961
Georgia,GEO,2007,0.30289998650550803
Georgia,GEO,2008,0.477959990501404
Georgia,GEO,2009,0.52402001619339
Georgia,GEO,2010,0.787159979343414
Georgia,GEO,2011,1.54580998420715
Georgia,GEO,2012,1.68049001693726
Georgia,GEO,2013,3.0333700180053698
Georgia,GEO,2014,2.8282499313354506
Germany,DEU,2013,7.072589874267581
Ghana,GHA,2007,1.35625994205475
Ghana,GHA,2008,1.447389960289
Ghana,GHA,2011,1.98766994476318
Ghana,GHA,2012,3.09198999404907
Ghana,GHA,2013,3.04410004615784
Ghana,GHA,2014,3.8998699188232404
Greece,GRC,2002,1.62783002853394
Greece,GRC,2003,2.21847009658813
Greece,GRC,2004,2.4054999351501496
Greece,GRC,2005,2.4265899658203103
Greece,GRC,2006,2.53567004203796
Greece,GRC,2007,3.5099499225616495
Greece,GRC,2010,4.1809201240539595
Greece,GRC,2011,4.96835994720459
Greece,GRC,2012,4.37127017974854
Greece,GRC,2013,4.186359882354741
Grenada,GRD,2009,63.3129005432129
Guinea,GIN,2004,2.15472006797791
Guinea,GIN,2006,2.1048400402069096
Guinea,GIN,2008,0.9324100017547611
Guinea,GIN,2011,1.31017994880676
Guinea,GIN,2012,0.919219970703125
Guyana,GUY,2005,0.590820014476776
Guyana,GUY,2007,0.45140999555587796
Guyana,GUY,2009,0.519370019435883
Guyana,GUY,2010,0.5038400292396551
Guyana,GUY,2011,0.5378299951553339
Guyana,GUY,2012,0.383879989385605
Heavily-indebted poor countries,,2008,1.16829001903534
Heavily-indebted poor countries,,2009,1.2153999805450402
Heavily-indebted poor countries,,2010,1.20457994937897
Heavily-indebted poor countries,,2011,1.2423199415206898
Heavily-indebted poor countries,,2012,1.3967599868774399
Heavily-indebted poor countries,,2013,1.3871599435806299
High-income countries,,1997,3.58572006225586
High-income countries,,1998,3.6072299480438197
High-income countries,,1999,3.59362006187439
High-income countries,,2000,3.65778994560242
High-income countries,,2001,3.71333003044128
High-income countries,,2002,3.92575001716614
High-income countries,,2003,4.1480598449707005
High-income countries,,2004,4.1593599319458
High-income countries,,2005,4.213600158691411
High-income countries,,2006,4.23347997665405
High-income countries,,2007,4.36913013458252
High-income countries,,2008,4.54597997665405
High-income countries,,2009,4.70099020004272
High-income countries,,2010,4.85060977935791
High-income countries,,2011,5.051939964294429
High-income countries,,2012,5.20001983642578
High-income countries,,2013,5.34659004211426
Honduras,HND,2003,0.6832000017166141
Honduras,HND,2010,0.7287600040435791
Honduras,HND,2012,0.904340028762817
Honduras,HND,2013,0.890479981899261
Honduras,HND,2014,0.693470001220703
Hong Kong,HKG,2003,1.81938004493713
Hong Kong,HKG,2004,2.2135899066925
Hong Kong,HKG,2005,2.50634002685547
Hong Kong,HKG,2006,3.1579198837280296
Hong Kong,HKG,2007,3.23008990287781
Hong Kong,HKG,2008,2.91431999206543
Hong Kong,HKG,2009,3.63585996627808
Hong Kong,HKG,2010,3.89973998069763
Hong Kong,HKG,2011,6.6388897895813
Hong Kong,HKG,2012,7.819509983062741
Hong Kong,HKG,2013,8.89861965179443
Hong Kong,HKG,2014,9.84401035308838
Hungary,HUN,1998,2.60548996925354
Hungary,HUN,1999,3.1743400096893297
Hungary,HUN,2000,3.22531008720398
Hungary,HUN,2001,3.40101003646851
Hungary,HUN,2002,3.3246200084686297
Hungary,HUN,2003,3.1312301158905
Hungary,HUN,2004,3.0586700439453103
Hungary,HUN,2005,3.11941003799438
Hungary,HUN,2006,3.30314993858337
Hungary,HUN,2007,3.50114989280701
Hungary,HUN,2008,3.7366299629211404
Hungary,HUN,2009,3.6506800651550297
Hungary,HUN,2010,4.01234006881714
Hungary,HUN,2011,4.31102991104126
Hungary,HUN,2012,4.601359844207759
Hungary,HUN,2013,5.76370000839233
Iceland,ISL,1998,2.3950600624084504
Iceland,ISL,1999,2.4462299346923797
Iceland,ISL,2000,4.16881990432739
Iceland,ISL,2001,4.1339402198791495
Iceland,ISL,2002,4.07459020614624
Iceland,ISL,2003,4.34555006027222
Iceland,ISL,2004,3.32427000999451
Iceland,ISL,2006,4.54805994033813
Iceland,ISL,2007,4.94912004470825
Iceland,ISL,2008,4.32925987243652
Iceland,ISL,2009,4.62793016433716
Iceland,ISL,2010,4.92493009567261
Iceland,ISL,2011,5.83178997039795
Iceland,ISL,2012,6.209750175476071
India,IND,2000,0.0743099972605705
India,IND,2001,0.0792199969291687
India,IND,2002,0.0770099982619286
India,IND,2003,0.068510003387928
India,IND,2004,0.0640299990773201
India,IND,2005,0.0960199981927872
India,IND,2006,0.09628000110387801
India,IND,2011,0.103299997746944
India,IND,2012,0.0991799980401993
India,IND,2013,0.12216000258922599
Indonesia,IDN,2005,0.0553199984133244
Indonesia,IDN,2006,0.129329994320869
Indonesia,IDN,2007,0.13973000645637498
Indonesia,IDN,2008,0.12190999835729599
Indonesia,IDN,2010,0.128710001707077
Indonesia,IDN,2012,0.116060003638268
Iran,IRN,2003,0.0845799967646599
Iran,IRN,2004,0.09161999821662899
Iran,IRN,2005,0.0908600017428398
Iran,IRN,2006,0.0967999994754791
Iran,IRN,2007,0.0739599987864494
Iran,IRN,2008,0.0363500006496906
Iran,IRN,2009,0.0433200001716614
Iran,IRN,2010,0.0839399993419647
Iran,IRN,2011,0.105460003018379
Iran,IRN,2012,0.10243999958038301
Iran,IRN,2013,0.161569997668266
Iran,IRN,2014,0.240920007228851
Iraq,IRQ,2000,2.86833000183105
Iraq,IRQ,2004,0.862209975719452
Ireland,IRL,1998,4.83560991287231
Ireland,IRL,1999,4.75263977050781
Ireland,IRL,2000,4.61549997329712
Ireland,IRL,2001,4.92616987228394
Ireland,IRL,2002,5.22189998626709
Ireland,IRL,2003,5.6186199188232395
Ireland,IRL,2004,6.74295997619629
Ireland,IRL,2005,6.907660007476809
Ireland,IRL,2006,6.847839832305911
Ireland,IRL,2007,8.80383014678955
Ireland,IRL,2008,7.1667799949646
Ireland,IRL,2009,7.084539890289309
Ireland,IRL,2010,6.9527702331542995
Ireland,IRL,2011,10.705940246582001
Ireland,IRL,2012,5.76182985305786
Ireland,IRL,2013,6.44893980026245
Israel,ISR,2010,0.8024899959564209
Israel,ISR,2011,1.0791300535202
Israel,ISR,2012,1.1883499622345
Italy,ITA,1999,1.3073400259017902
Italy,ITA,2000,1.40841996669769
Italy,ITA,2001,1.6127400398254401
Italy,ITA,2002,1.53419005870819
Italy,ITA,2003,1.88866996765137
Italy,ITA,2004,2.0458600521087598
Italy,ITA,2005,2.22933006286621
Italy,ITA,2006,2.41938996315002
Italy,ITA,2007,2.8161799907684304
Italy,ITA,2008,3.3917999267578103
Italy,ITA,2009,3.27447009086609
Italy,ITA,2010,3.52983999252319
Italy,ITA,2011,3.73984003067017
Italy,ITA,2012,4.03607988357544
Italy,ITA,2013,4.40275001525879
Jamaica,JAM,1999,2.8525600433349596
Jamaica,JAM,2000,2.2142000198364302
Japan,JPN,1998,1.4065500497818
Japan,JPN,1999,1.43505001068115
Japan,JPN,2000,1.49899005889893
Japan,JPN,2001,1.6019500494003303
Japan,JPN,2002,1.8880300521850601
Japan,JPN,2003,2.17108988761902
Japan,JPN,2004,2.92446994781494
Japan,JPN,2005,3.11806988716125
Japan,JPN,2006,3.18551993370056
Japan,JPN,2007,3.12146997451782
Japan,JPN,2008,3.21350002288818
Japan,JPN,2009,3.39678001403809
Japan,JPN,2010,3.6910200119018595
Japan,JPN,2011,3.9030900001525897
Japan,JPN,2012,3.87724995613098
Japan,JPN,2013,3.5157101154327406
Jordan,JOR,2000,8.54841995239258
Jordan,JOR,2003,8.49458980560303
Jordan,JOR,2004,10.855369567871099
Jordan,JOR,2005,9.86168003082275
Jordan,JOR,2006,9.77223968505859
Jordan,JOR,2007,9.73033046722412
Jordan,JOR,2008,10.4560499191284
Jordan,JOR,2009,10.3727903366089
Jordan,JOR,2010,11.111339569091802
Jordan,JOR,2011,9.93163013458252
Jordan,JOR,2012,9.1090202331543
Kazakhstan,KAZ,1999,2.3303101062774703
Kazakhstan,KAZ,2000,1.9733699560165399
Kazakhstan,KAZ,2006,1.24099004268646
Kazakhstan,KAZ,2012,1.08963000774384
Kazakhstan,KAZ,2013,1.11459004878998
Kazakhstan,KAZ,2014,2.65823006629944
Kazakhstan,KAZ,2015,1.5153100490570102
Kyrgyzstan,KGZ,2001,4.18198013305664
Kyrgyzstan,KGZ,2002,5.69715023040771
Kyrgyzstan,KGZ,2003,6.68231010437012
Kyrgyzstan,KGZ,2004,7.91768980026245
Kyrgyzstan,KGZ,2005,10.689009666442901
Kyrgyzstan,KGZ,2006,11.700360298156701
Kyrgyzstan,KGZ,2007,11.3647804260254
Kyrgyzstan,KGZ,2008,9.42908954620361
Kyrgyzstan,KGZ,2009,7.579279899597171
Kyrgyzstan,KGZ,2010,6.3031702041626
Kyrgyzstan,KGZ,2013,3.9574298858642596
Laos,LAO,1999,0.654190003871918
Laos,LAO,2000,0.530070006847382
Laos,LAO,2001,0.740520000457764
Laos,LAO,2002,0.5604299902915949
Laos,LAO,2003,0.337870001792908
Laos,LAO,2004,0.6368499994277951
Laos,LAO,2005,0.36689999699592607
Laos,LAO,2006,0.306789994239807
Laos,LAO,2007,0.338649988174438
Laos,LAO,2008,0.37112998962402294
Laos,LAO,2009,0.599960029125214
Laos,LAO,2010,0.61286997795105
Laos,LAO,2011,0.627179980278015
Laos,LAO,2012,0.46551001071929904
Laos,LAO,2013,0.23123000562191
Laos,LAO,2014,0.410010010004044
Latin America and the Caribbean,,1998,0.47049000859260603
Latin America and the Caribbean,,1999,0.43665999174118
Latin America and the Caribbean,,2000,0.43106999993324296
Latin America and the Caribbean,,2001,0.434650003910065
Latin America and the Caribbean,,2002,0.42135000228881797
Latin America and the Caribbean,,2003,0.44639000296592696
Latin America and the Caribbean,,2004,0.397810012102127
Latin America and the Caribbean,,2005,0.39070001244545
Latin America and the Caribbean,,2006,0.39939999580383295
Latin America and the Caribbean,,2007,0.476520001888275
Latin America and the Caribbean,,2008,0.493229985237122
Latin America and the Caribbean,,2009,0.48032999038696295
Latin America and the Caribbean,,2010,0.46413001418113703
Latin America and the Caribbean,,2011,0.406210005283356
Latin America and the Caribbean,,2012,0.38385999202728294
Latin America and the Caribbean,,2013,0.379370003938675
Latin America and the Caribbean (excluding high-income countries),,1998,0.438670009374619
Latin America and the Caribbean (excluding high-income countries),,1999,0.40652000904083296
Latin America and the Caribbean (excluding high-income countries),,2000,0.38181999325752297
Latin America and the Caribbean (excluding high-income countries),,2001,0.384820014238358
Latin America and the Caribbean (excluding high-income countries),,2002,0.369670003652573
Latin America and the Caribbean (excluding high-income countries),,2003,0.39936000108718894
Latin America and the Caribbean (excluding high-income countries),,2004,0.362960010766983
Latin America and the Caribbean (excluding high-income countries),,2005,0.370260000228882
Latin America and the Caribbean (excluding high-income countries),,2006,0.362190008163452
Latin America and the Caribbean (excluding high-income countries),,2007,0.432330012321472
Latin America and the Caribbean (excluding high-income countries),,2008,0.43143999576568604
Latin America and the Caribbean (excluding high-income countries),,2009,0.443289995193481
Latin America and the Caribbean (excluding high-income countries),,2010,0.41874998807907104
Latin America and the Caribbean (excluding high-income countries),,2011,0.391710013151169
Latin America and the Caribbean (excluding high-income countries),,2012,0.366560012102127
Latin America and the Caribbean (excluding high-income countries),,2013,0.365040004253387
Latvia,LVA,1999,2.25129008293152
Latvia,LVA,2000,6.566410064697269
Latvia,LVA,2001,7.70264005661011
Latvia,LVA,2002,2.95112991333008
Latvia,LVA,2003,2.00935006141663
Latvia,LVA,2004,1.0168000459671
Latvia,LVA,2005,1.28303003311157
Latvia,LVA,2007,1.10659003257751
Latvia,LVA,2008,1.15451002120972
Latvia,LVA,2009,1.26594996452332
Latvia,LVA,2010,1.56350994110107
Latvia,LVA,2011,1.9055199623107901
Latvia,LVA,2012,2.79882001876831
Latvia,LVA,2013,3.7100200653076203
Least-developed countries,,2001,1.31304001808167
Least-developed countries,,2002,1.24319005012512
Least-developed countries,,2003,1.15636003017426
Least-developed countries,,2004,1.1208599805831898
Least-developed countries,,2005,1.02672004699707
Least-developed countries,,2006,0.933000028133392
Least-developed countries,,2007,0.8484699726104741
Least-developed countries,,2008,0.798979997634888
Least-developed countries,,2009,0.8159099817276
Least-developed countries,,2010,0.8044099807739259
Least-developed countries,,2011,0.7618700265884399
Least-developed countries,,2012,0.779209971427917
Lebanon,LBN,1999,13.799079895019501
Lebanon,LBN,2000,12.074399948120101
Lebanon,LBN,2001,11.0209102630615
Lebanon,LBN,2002,10.623220443725598
Lebanon,LBN,2003,8.47622013092041
Lebanon,LBN,2004,9.00831031799316
Lebanon,LBN,2005,8.49151992797852
Lebanon,LBN,2006,9.93455982208252
Lebanon,LBN,2007,12.121569633483901
Lebanon,LBN,2010,15.041640281677198
Lebanon,LBN,2011,15.2999095916748
Lebanon,LBN,2012,12.8161096572876
Lebanon,LBN,2014,7.64127016067505
Lesotho,LSO,1999,24.345029830932603
Lesotho,LSO,2003,1.8991500139236497
Lesotho,LSO,2006,0.6235299706459051
Lesotho,LSO,2012,0.49790000915527294
Lesotho,LSO,2013,0.432020008563995
Lesotho,LSO,2014,0.39498999714851396
Liechtenstein,LIE,2004,77.4436111450195
Liechtenstein,LIE,2006,90.0943374633789
Liechtenstein,LIE,2007,86.4784469604492
Liechtenstein,LIE,2008,81.625
Liechtenstein,LIE,2009,74.40318298339841
Liechtenstein,LIE,2010,75.2223587036133
Liechtenstein,LIE,2011,78.9634094238281
Liechtenstein,LIE,2012,80.625
Lithuania,LTU,1999,0.44405999779701205
Lithuania,LTU,2000,0.44214999675750705
Lithuania,LTU,2001,0.46202999353408797
Lithuania,LTU,2002,0.45971000194549605
Lithuania,LTU,2003,0.411080002784729
Lithuania,LTU,2004,0.40404000878334
Lithuania,LTU,2005,0.43858000636100797
Lithuania,LTU,2006,0.614979982376099
Lithuania,LTU,2007,0.951189994812012
Lithuania,LTU,2008,1.44309997558594
Lithuania,LTU,2009,1.34001004695892
Lithuania,LTU,2010,1.47635996341705
Lithuania,LTU,2011,1.60540997982025
Lithuania,LTU,2012,1.7924699783325202
Lithuania,LTU,2013,2.45155000686646
Low and middle-income countries,,1999,0.751609981060028
Low and middle-income countries,,2000,0.728980004787445
Low and middle-income countries,,2001,0.646430015563965
Low and middle-income countries,,2002,0.637000024318695
Low and middle-income countries,,2003,0.5891199707984921
Low and middle-income countries,,2004,0.558309972286224
Low and middle-income countries,,2005,0.558279991149902
Low and middle-income countries,,2006,0.549489974975586
Low and middle-income countries,,2007,0.5688300132751459
Low and middle-income countries,,2008,0.5880900025367739
Low and middle-income countries,,2009,0.598479986190796
Low and middle-income countries,,2010,0.604139983654022
Low and middle-income countries,,2011,0.584839999675751
Low and middle-income countries,,2012,0.5536500215530401
Low and middle-income countries,,2013,0.572960019111633
Low-income countries,,2001,1.06310999393463
Low-income countries,,2002,1.06029999256134
Low-income countries,,2003,0.938369989395142
Low-income countries,,2004,0.917819976806641
Low-income countries,,2005,0.8287000060081479
Low-income countries,,2006,0.767170011997223
Low-income countries,,2007,0.7436400055885309
Low-income countries,,2008,0.6946300268173221
Low-income countries,,2009,0.7078199982643131
Low-income countries,,2010,0.6936500072479251
Low-income countries,,2011,0.639970004558563
Low-income countries,,2012,0.659049987792969
Lower-middle-income countries,,1999,0.439300000667572
Lower-middle-income countries,,2000,0.386619985103607
Lower-middle-income countries,,2001,0.361180007457733
Lower-middle-income countries,,2002,0.373149991035461
Lower-middle-income countries,,2003,0.3677999973297121
Lower-middle-income countries,,2004,0.36052998900413497
Lower-middle-income countries,,2005,0.41767001152038596
Lower-middle-income countries,,2006,0.4449000060558321
Lower-middle-income countries,,2007,0.43233999609947205
Lower-middle-income countries,,2008,0.42085999250412004
Lower-middle-income countries,,2009,0.421240001916885
Lower-middle-income countries,,2010,0.40935000777244607
Lower-middle-income countries,,2011,0.374900013208389
Lower-middle-income countries,,2012,0.369230002164841
Lower-middle-income countries,,2013,0.376910001039505
Luxembourg,LUX,1999,26.090440750122102
Luxembourg,LUX,2006,42.236259460449205
Luxembourg,LUX,2008,43.8060417175293
Luxembourg,LUX,2010,41.40625
Luxembourg,LUX,2012,40.5587501525879
Macao,MAC,2001,54.1297492980957
Macao,MAC,2002,64.12078857421879
Macao,MAC,2003,66.7668991088867
Macao,MAC,2004,58.9441909790039
Macao,MAC,2005,54.2741203308105
Macao,MAC,2006,51.895580291748
Macao,MAC,2007,49.983238220214794
Macao,MAC,2008,49.781558990478494
Macao,MAC,2009,49.8455085754395
Macao,MAC,2010,45.827110290527294
Macao,MAC,2011,44.63777160644529
Macao,MAC,2012,31.5333404541016
Macao,MAC,2013,33.5793495178223
Macao,MAC,2014,36.8280181884766
Madagascar,MDG,1999,3.4740300178527797
Madagascar,MDG,2002,3.7556800842285196
Madagascar,MDG,2004,2.89252996444702
Madagascar,MDG,2005,2.72760009765625
Madagascar,MDG,2006,2.37923002243042
Madagascar,MDG,2007,1.8520699739456201
Madagascar,MDG,2008,1.7174400091171298
Madagascar,MDG,2009,1.80689001083374
Madagascar,MDG,2010,1.7637399435043302
Madagascar,MDG,2011,1.6739100217819198
Madagascar,MDG,2012,1.7365800142288201
Madagascar,MDG,2013,1.7453800439834601
Malawi,MWI,2010,1.1363600492477401
Malaysia,MYS,1998,0.7066900134086609
Malaysia,MYS,1999,0.7410899996757511
Malaysia,MYS,2000,3.43987989425659
Malaysia,MYS,2001,2.95808005332947
Malaysia,MYS,2002,4.38567018508911
Malaysia,MYS,2003,4.18907022476196
Malaysia,MYS,2004,3.20637011528015
Malaysia,MYS,2006,3.3100600242614706
Malaysia,MYS,2007,3.79823994636536
Malaysia,MYS,2008,4.47932004928589
Malaysia,MYS,2009,5.7783899307251
Malaysia,MYS,2010,6.100220203399661
Malaysia,MYS,2011,6.139309883117679
Malaysia,MYS,2012,5.22004985809326
Malaysia,MYS,2013,3.62404990196228
Mali,MLI,1999,6.542709827423099
Mali,MLI,2000,6.5414400100708
Mali,MLI,2011,0.527079999446869
Malta,MLT,1999,4.36732006072998
Malta,MLT,2000,5.558189868926999
Malta,MLT,2001,4.58097982406616
Malta,MLT,2002,4.82159996032715
Malta,MLT,2003,4.571879863739009
Malta,MLT,2004,5.61841011047363
Malta,MLT,2005,6.40821981430054
Malta,MLT,2006,7.16206979751587
Malta,MLT,2007,6.18693017959595
Malta,MLT,2008,4.61359977722168
Malta,MLT,2009,4.3373298645019505
Malta,MLT,2011,4.0988597869873
Malta,MLT,2012,4.843070030212401
Malta,MLT,2013,5.05806016921997
Malta,MLT,2014,5.86042976379395
Marshall Islands,MHL,2012,0.977439999580383
Mauritania,MRT,1999,5.0558500289917
Mauritania,MRT,2002,3.79297995567322
Mauritania,MRT,2003,2.0132000446319602
Mauritius,MUS,2004,0.425480008125305
Mauritius,MUS,2006,0.252009987831116
Mauritius,MUS,2009,1.55835998058319
Mauritius,MUS,2010,1.7829899787902799
Mauritius,MUS,2011,1.76850998401642
Mauritius,MUS,2012,2.30050992965698
Mauritius,MUS,2013,2.86874008178711
Mauritius,MUS,2014,3.82134008407593
Mexico,MEX,1999,0.124760001897812
Mexico,MEX,2001,0.09487999975681301
Mexico,MEX,2002,0.0881199985742569
Mexico,MEX,2013,0.243000000715256
Middle East and North Africa,,2002,2.1391799449920703
Middle East and North Africa,,2003,2.08242988586426
Middle East and North Africa,,2004,1.93185997009277
Middle East and North Africa,,2005,1.8256299495697002
Middle East and North Africa,,2006,1.82291996479034
Middle East and North Africa,,2007,1.81038999557495
Middle East and North Africa,,2008,1.80795001983643
Middle East and North Africa,,2009,1.91727995872498
Middle East and North Africa,,2010,1.96074998378754
Middle East and North Africa,,2011,2.02486991882324
Middle East and North Africa,,2012,1.9959499835968
Middle East and North Africa,,2013,2.15926003456116
Middle East and North Africa (excluding high-income countries),,2002,1.2780799865722698
Middle East and North Africa (excluding high-income countries),,2003,1.1985399723053
Middle East and North Africa (excluding high-income countries),,2004,1.25253999233246
Middle East and North Africa (excluding high-income countries),,2005,1.1638400554656998
Middle East and North Africa (excluding high-income countries),,2006,1.1923999786377
Middle East and North Africa (excluding high-income countries),,2007,1.19063997268677
Middle East and North Africa (excluding high-income countries),,2008,1.2120000123977699
Middle East and North Africa (excluding high-income countries),,2009,1.28508996963501
Middle East and North Africa (excluding high-income countries),,2010,1.31726002693176
Middle East and North Africa (excluding high-income countries),,2011,1.3178999423980702
Middle East and North Africa (excluding high-income countries),,2012,1.22440004348755
Middle East and North Africa (excluding high-income countries),,2013,1.25190997123718
Middle-income countries,,1998,0.732360005378723
Middle-income countries,,1999,0.718360006809235
Middle-income countries,,2000,0.701030015945435
Middle-income countries,,2001,0.6251699924468989
Middle-income countries,,2002,0.616439998149872
Middle-income countries,,2003,0.572539985179901
Middle-income countries,,2004,0.542150020599365
Middle-income countries,,2005,0.545989990234375
Middle-income countries,,2006,0.5393800139427191
Middle-income countries,,2007,0.560599982738495
Middle-income countries,,2008,0.5828999876976011
Middle-income countries,,2009,0.592769980430603
Middle-income countries,,2010,0.5991700291633609
Middle-income countries,,2011,0.5817199945449829
Middle-income countries,,2012,0.547749996185303
Middle-income countries,,2013,0.5699499845504761
Moldova,MDA,1999,1.63689005374908
Moldova,MDA,2000,1.8865900039672898
Moldova,MDA,2001,2.50716996192932
Moldova,MDA,2002,2.70023989677429
Moldova,MDA,2003,2.11751008033752
Moldova,MDA,2004,2.0853300094604497
Moldova,MDA,2005,1.73686003684998
Moldova,MDA,2006,1.34052002429962
Moldova,MDA,2007,1.26777994632721
Moldova,MDA,2008,1.1232500076293899
Moldova,MDA,2009,1.08105003833771
Moldova,MDA,2010,1.20921003818512
Moldova,MDA,2011,1.24972999095917
Moldova,MDA,2012,1.5506800413131698
Moldova,MDA,2013,1.88300001621246
Mongolia,MNG,1999,0.447360008955002
Mongolia,MNG,2000,0.312059998512268
Mongolia,MNG,2001,0.28244999051094105
Mongolia,MNG,2003,0.19381999969482397
Mongolia,MNG,2004,0.384409993886948
Mongolia,MNG,2005,0.6153900027275091
Mongolia,MNG,2006,0.775259971618652
Mongolia,MNG,2007,0.780139982700348
Mongolia,MNG,2008,0.79653000831604
Mongolia,MNG,2009,0.6818000078201291
Mongolia,MNG,2010,0.6008399724960329
Mongolia,MNG,2011,0.607020020484924
Mongolia,MNG,2012,0.6085500121116639
Mongolia,MNG,2013,0.621429979801178
Mongolia,MNG,2014,0.644959986209869
Morocco,MAR,1999,1.5337699651718102
Morocco,MAR,2000,1.5228300094604499
Morocco,MAR,2001,1.44597005844116
Morocco,MAR,2003,1.5220199823379499
Morocco,MAR,2004,1.85661995410919
Morocco,MAR,2005,1.34890997409821
Morocco,MAR,2006,1.56728994846344
Morocco,MAR,2007,1.90141999721527
Morocco,MAR,2008,1.8827400207519498
Morocco,MAR,2009,1.8900500535965
Morocco,MAR,2010,1.9246799945831299
Mozambique,MOZ,2011,0.34900999069213895
Mozambique,MOZ,2013,0.303730010986328
Mozambique,MOZ,2014,0.369690001010895
Myanmar,MMR,2007,0.011230000294745001
Myanmar,MMR,2011,0.009859999641775998
Myanmar,MMR,2012,0.015769999474287
Namibia,NAM,2002,8.44062042236328
Namibia,NAM,2003,8.703769683837889
Namibia,NAM,2005,6.31725978851318
Namibia,NAM,2006,1.4334499835968
Namibia,NAM,2008,10.1689796447754
Nepal,NPL,2009,0.0328399986028671
Nepal,NPL,2011,0.0277600008994341
Netherlands,NLD,1999,2.8983700275421103
Netherlands,NLD,2000,2.873379945755
Netherlands,NLD,2001,3.2911899089813197
Netherlands,NLD,2002,3.65230989456177
Netherlands,NLD,2003,3.89755010604858
Netherlands,NLD,2004,4.8130598068237305
Netherlands,NLD,2005,4.67041015625
Netherlands,NLD,2006,4.66458988189697
Netherlands,NLD,2007,4.65142011642456
Netherlands,NLD,2008,4.98965978622437
Netherlands,NLD,2009,3.8276400566101096
Netherlands,NLD,2010,4.29679012298584
Netherlands,NLD,2011,4.91875982284546
Netherlands,NLD,2012,7.24551010131836
New Zealand,NZL,1998,3.6654899120330797
New Zealand,NZL,1999,4.12412977218628
New Zealand,NZL,2000,4.77431011199951
New Zealand,NZL,2001,6.23134994506836
New Zealand,NZL,2002,9.57973957061768
New Zealand,NZL,2003,13.4821100234985
New Zealand,NZL,2004,17.0163307189941
New Zealand,NZL,2005,16.9903697967529
New Zealand,NZL,2007,13.619199752807601
New Zealand,NZL,2008,12.9176797866821
New Zealand,NZL,2009,14.580579757690401
New Zealand,NZL,2010,14.227439880371099
New Zealand,NZL,2011,15.5794496536255
New Zealand,NZL,2012,15.792329788208
New Zealand,NZL,2013,16.1151504516602
Niger,NER,2004,1.55002999305725
Niger,NER,2007,1.88610005378723
Niger,NER,2009,6.415709972381589
Niger,NER,2010,6.58049011230469
Niger,NER,2011,6.60192012786865
Niger,NER,2012,5.42639017105103
North America,,1997,3.01048994064331
North America,,1998,3.1702499389648398
North America,,1999,3.23176002502441
North America,,2000,3.5494599342346205
North America,,2001,3.4939899444580096
North America,,2002,3.68368005752563
North America,,2003,3.61064004898071
North America,,2004,3.5064799785614
North America,,2005,3.5506598949432404
North America,,2006,3.47574996948242
North America,,2007,3.6101000308990496
North America,,2008,3.6663498878479
North America,,2009,3.69723010063171
North America,,2010,3.6305599212646498
North America,,2011,3.70999002456665
North America,,2012,3.91510009765625
North America,,2013,4.30865001678467
North Korea,PRK,2009,0.0809200033545494
North Macedonia,MKD,1999,0.793940007686615
North Macedonia,MKD,2000,0.650020003318787
North Macedonia,MKD,2001,0.424890011548996
North Macedonia,MKD,2002,0.30195000767707797
North Macedonia,MKD,2003,0.24767999351024603
North Macedonia,MKD,2004,0.31520000100135803
North Macedonia,MKD,2005,0.551010012626648
North Macedonia,MKD,2006,0.386619985103607
North Macedonia,MKD,2007,1.51892995834351
North Macedonia,MKD,2008,2.04261994361877
North Macedonia,MKD,2009,2.19478988647461
North Macedonia,MKD,2012,2.16684007644653
North Macedonia,MKD,2013,2.16043996810913
Norway,NOR,1998,4.54471015930176
Norway,NOR,1999,4.80258989334106
Norway,NOR,2000,4.55580997467041
Norway,NOR,2001,4.648149967193599
Norway,NOR,2002,4.82330989837646
Norway,NOR,2003,5.20728015899658
Norway,NOR,2004,5.79484987258911
Norway,NOR,2005,6.263440132141111
Norway,NOR,2006,6.6587200164794895
Norway,NOR,2007,7.25618982315063
Norway,NOR,2008,7.57221984863281
Norway,NOR,2009,7.98377990722656
Norway,NOR,2010,7.003369808197019
Norway,NOR,2011,7.23764991760254
Norway,NOR,2012,7.7464900016784695
Norway,NOR,2013,3.6152799129486097
OECD Member countries,,1997,3.49802994728088
OECD Member countries,,1998,3.54332995414734
OECD Member countries,,1999,3.57116007804871
OECD Member countries,,2000,3.66048002243042
OECD Member countries,,2001,3.7129499912262003
OECD Member countries,,2002,3.9793500900268595
OECD Member countries,,2003,4.2316598892211905
OECD Member countries,,2004,4.2533898353576705
OECD Member countries,,2005,4.31347990036011
OECD Member countries,,2006,4.35208988189697
OECD Member countries,,2007,4.540209770202639
OECD Member countries,,2008,4.59385013580322
OECD Member countries,,2009,4.72052001953125
OECD Member countries,,2010,4.76182985305786
OECD Member countries,,2011,4.876609802246089
OECD Member countries,,2012,4.9085202217102095
OECD Member countries,,2013,5.013760089874269
Oman,OMN,2006,0.37529000639915505
Oman,OMN,2007,0.26807999610900896
Oman,OMN,2008,2.19247007369995
Oman,OMN,2009,1.89923000335693
Oman,OMN,2010,2.2891800403595
Oman,OMN,2011,2.3624300956726096
Oman,OMN,2013,2.6344199180602996
Oman,OMN,2014,3.03575992584229
Pakistan,PAK,2003,0.0969899967312813
Palau,PLW,2001,2.29167008399963
Palau,PLW,2013,22.827350616455103
Palestine,PSE,1999,4.1791100502014205
Palestine,PSE,2000,1.09117996692657
Palestine,PSE,2001,0.46930998563766496
Papua New Guinea,PNG,1998,3.2254800796508802
Philippines,PHL,1999,0.159099996089935
Philippines,PHL,2001,0.0955199971795082
Philippines,PHL,2002,0.105740003287792
Philippines,PHL,2003,0.19544999301433605
Philippines,PHL,2004,0.14436000585556
Philippines,PHL,2005,0.201279997825623
Philippines,PHL,2006,0.20676000416278797
Philippines,PHL,2008,0.100510001182556
Poland,POL,1998,0.46972998976707503
Poland,POL,1999,0.40691000223159796
Poland,POL,2000,0.387259989976883
Poland,POL,2001,0.37516000866890004
Poland,POL,2002,0.38714000582695
Poland,POL,2003,0.38359001278877297
Poland,POL,2004,0.397100001573563
Poland,POL,2005,0.48085999488830605
Poland,POL,2006,0.5296700000762941
Poland,POL,2007,0.6065000295639039
Poland,POL,2008,0.6909099817276
Poland,POL,2009,0.7895799875259399
Poland,POL,2010,0.854290008544922
Poland,POL,2011,0.9955599904060359
Poland,POL,2012,1.17201995849609
Poland,POL,2013,1.4594899415969802
Portugal,PRT,2000,2.99054002761841
Portugal,PRT,2002,3.95661997795105
Portugal,PRT,2003,3.8627300262451203
Portugal,PRT,2004,4.089220046997069
Portugal,PRT,2005,4.46531009674072
Portugal,PRT,2006,4.6491799354553205
Portugal,PRT,2007,4.89461994171143
Portugal,PRT,2008,2.14953994750977
Portugal,PRT,2009,2.449049949646
Portugal,PRT,2010,2.87623000144959
Portugal,PRT,2011,3.37045001983643
Portugal,PRT,2012,4.74667978286743
Portugal,PRT,2013,3.9194099903106703
Qatar,QAT,2001,20.709529876709002
Qatar,QAT,2002,21.006259918212898
Qatar,QAT,2003,20.866340637207
Qatar,QAT,2004,12.598259925842301
Qatar,QAT,2005,24.517990112304698
Qatar,QAT,2008,36.2215995788574
Qatar,QAT,2009,36.5339202880859
Qatar,QAT,2010,39.130428314209
Qatar,QAT,2011,40.3074493408203
Qatar,QAT,2012,41.434028625488295
Qatar,QAT,2013,40.7090187072754
Qatar,QAT,2014,39.9049682617188
Romania,ROU,1999,3.25689005851746
Romania,ROU,2000,2.7818000316619904
Romania,ROU,2001,2.18867993354797
Romania,ROU,2002,1.8219900131225601
Romania,ROU,2003,1.5110800266265902
Romania,ROU,2004,1.5291999578475999
Romania,ROU,2005,1.46343994140625
Romania,ROU,2006,1.0284199714660602
Romania,ROU,2007,1.01091003417969
Romania,ROU,2008,1.3114399909973102
Romania,ROU,2009,0.9444599747657779
Romania,ROU,2010,1.3465399742126498
Romania,ROU,2011,1.84379994869232
Romania,ROU,2013,3.4879500865936297
Russia,RUS,2000,0.650889992713928
Russia,RUS,2001,0.8943399786949159
Russia,RUS,2002,0.888050019741058
Russia,RUS,2003,0.798420011997223
Russia,RUS,2004,0.880620002746582
Russia,RUS,2005,1.00463998317719
Russia,RUS,2006,0.844720005989075
Russia,RUS,2007,0.6433899998664859
Russia,RUS,2008,1.4480700492858898
Russia,RUS,2009,1.39002001285553
Russia,RUS,2011,1.9174599647522
Russia,RUS,2012,2.17493009567261
Russia,RUS,2013,1.8397099971771202
Rwanda,RWA,1999,1.14477002620697
Rwanda,RWA,2001,0.7186400294303891
Rwanda,RWA,2012,0.763559997081757
Rwanda,RWA,2013,0.955649971961975
Saint Kitts and Nevis,KNA,2014,73.23365783691409
Saint Lucia,LCA,2006,5.712530136108401
Saint Lucia,LCA,2007,6.53685998916626
Saint Lucia,LCA,2008,9.08032989501953
Saint Lucia,LCA,2009,7.367670059204099
Saint Lucia,LCA,2010,16.7764797210693
Saint Lucia,LCA,2011,11.293399810791
Saint Lucia,LCA,2012,19.310749053955103
Saint Lucia,LCA,2013,16.537469863891598
Saint Lucia,LCA,2014,22.7915191650391
Samoa,WSM,1998,7.422399997711179
Samoa,WSM,1999,5.2912898063659695
Samoa,WSM,2000,11.167510032653801
Saudi Arabia,SAU,1999,1.6381299495697002
Saudi Arabia,SAU,2000,1.87109994888306
Saudi Arabia,SAU,2003,4.07256984710693
Saudi Arabia,SAU,2004,2.12598991394043
Saudi Arabia,SAU,2005,2.1529700756073002
Saudi Arabia,SAU,2006,2.1505401134491
Saudi Arabia,SAU,2007,2.6268799304962203
Saudi Arabia,SAU,2008,2.6193299293518097
Saudi Arabia,SAU,2009,2.6269199848175
Saudi Arabia,SAU,2010,2.9738800525665297
Saudi Arabia,SAU,2011,3.4194099903106703
Saudi Arabia,SAU,2012,3.8611700534820597
Saudi Arabia,SAU,2013,4.580780029296879
Saudi Arabia,SAU,2014,4.7953200340271
Senegal,SEN,1999,4.41934013366699
Serbia,SRB,2007,2.9274001121521
Serbia,SRB,2008,4.73867988586426
Serbia,SRB,2009,4.41129016876221
Serbia,SRB,2010,4.1817297935485795
Serbia,SRB,2011,3.60650992393494
Serbia,SRB,2012,3.8552000522613503
Serbia,SRB,2013,3.73726010322571
Serbia,SRB,2014,3.67060995101929
Singapore,SGP,2009,20.339420318603498
Singapore,SGP,2010,22.780000686645497
Singapore,SGP,2011,20.2266006469727
Singapore,SGP,2012,21.744970321655302
Singapore,SGP,2013,19.1652202606201
Slovakia,SVK,2000,1.15514004230499
Slovakia,SVK,2001,1.17435002326965
Slovakia,SVK,2002,1.07963001728058
Slovakia,SVK,2003,1.04435002803802
Slovakia,SVK,2004,0.9400799870491031
Slovakia,SVK,2005,0.88578999042511
Slovakia,SVK,2006,0.814880013465881
Slovakia,SVK,2007,0.872210025787354
Slovakia,SVK,2008,2.2647099494934104
Slovakia,SVK,2009,2.6855700016021697
Slovakia,SVK,2010,3.38810992240906
Slovakia,SVK,2011,3.8655800819397004
Slovakia,SVK,2012,4.094890117645259
Slovakia,SVK,2013,4.859620094299321
Slovenia,SVN,1999,0.8265299797058109
Slovenia,SVN,2000,0.928219974040985
Slovenia,SVN,2001,0.944320023059845
Slovenia,SVN,2002,0.9585300087928771
Slovenia,SVN,2003,0.949159979820251
Slovenia,SVN,2004,0.8506100177764889
Slovenia,SVN,2005,0.9694600105285641
Slovenia,SVN,2006,0.948660016059875
Slovenia,SVN,2007,1.03067004680634
Slovenia,SVN,2008,1.17892003059387
Slovenia,SVN,2009,1.77549004554749
Slovenia,SVN,2010,1.68359994888306
Slovenia,SVN,2011,1.84441995620728
Slovenia,SVN,2012,2.2662799358367898
Slovenia,SVN,2013,2.62317991256714
South Africa,ZAF,2012,4.19400978088379
South Africa,ZAF,2013,4.08954000473022
South Asia,,1999,0.0863699987530708
South Asia,,2000,0.0767799988389015
South Asia,,2001,0.0796300023794174
South Asia,,2002,0.0775000005960464
South Asia,,2003,0.0699200034141541
South Asia,,2004,0.067550003528595
South Asia,,2005,0.0931399986147881
South Asia,,2006,0.0935000032186508
South Asia,,2007,0.0969299972057343
South Asia,,2008,0.101510003209114
South Asia,,2009,0.10920000076293901
South Asia,,2010,0.109470002353191
South Asia,,2011,0.0970399975776672
South Asia,,2012,0.0926499962806702
South Asia,,2013,0.09346999973058699
South Korea,KOR,1998,0.0962700024247169
South Korea,KOR,1999,0.101099997758865
South Korea,KOR,2000,0.112300001084805
South Korea,KOR,2001,0.12301000207662599
South Korea,KOR,2002,0.15439000725746202
South Korea,KOR,2003,0.243310004472733
South Korea,KOR,2004,0.33421000838279696
South Korea,KOR,2005,0.48274001479148904
South Korea,KOR,2006,0.694750010967255
South Korea,KOR,2007,0.9955499768257141
South Korea,KOR,2008,1.2583700418472301
South Korea,KOR,2009,1.5541100502014198
South Korea,KOR,2010,1.8104900121688798
South Korea,KOR,2011,1.8675400018691999
South Korea,KOR,2013,1.7717800140380902
South Korea,KOR,2014,1.6616300344467199
Spain,ESP,1999,1.8443299531936599
Spain,ESP,2000,2.2246699333190896
Spain,ESP,2001,2.1785299777984597
Spain,ESP,2002,2.4476699829101602
Spain,ESP,2003,2.9142000675201403
Spain,ESP,2004,0.817979991436005
Spain,ESP,2005,0.9768700003623959
Spain,ESP,2006,1.0175199508666999
Spain,ESP,2007,1.81608998775482
Spain,ESP,2008,2.11823010444641
Spain,ESP,2009,2.69413995742798
Spain,ESP,2010,2.98130989074707
Spain,ESP,2011,3.21130990982056
Spain,ESP,2012,2.8364100456237797
Spain,ESP,2013,2.86181998252869
Sri Lanka,LKA,2011,0.17952999472618103
Sri Lanka,LKA,2012,0.13818000257015198
Sri Lanka,LKA,2013,0.27402999997139005
Sri Lanka,LKA,2014,0.275420010089874
Sub-Saharan Africa,,1998,2.23703002929688
Sub-Saharan Africa,,1999,2.90143990516663
Sub-Saharan Africa,,2007,1.9170999526977501
Sub-Saharan Africa,,2008,1.89256000518799
Sub-Saharan Africa,,2009,1.8101500272750901
Sub-Saharan Africa,,2010,1.8272199630737298
Sub-Saharan Africa,,2011,1.8741300106048602
Sub-Saharan Africa,,2012,1.5607800483703602
Sub-Saharan Africa,,2013,1.54676997661591
Sub-Saharan Africa (excluding high-income countries),,1998,2.23784995079041
Sub-Saharan Africa (excluding high-income countries),,1999,2.90251994132996
Sub-Saharan Africa (excluding high-income countries),,2007,1.917760014534
Sub-Saharan Africa (excluding high-income countries),,2008,1.8932100534439098
Sub-Saharan Africa (excluding high-income countries),,2009,1.8107600212097201
Sub-Saharan Africa (excluding high-income countries),,2010,1.8278100490570102
Sub-Saharan Africa (excluding high-income countries),,2011,1.87472999095917
Sub-Saharan Africa (excluding high-income countries),,2012,1.5612699985504197
Sub-Saharan Africa (excluding high-income countries),,2013,1.5472300052642802
Sweden,SWE,1999,7.284470081329349
Sweden,SWE,2000,7.36512994766235
Sweden,SWE,2001,7.34708023071289
Sweden,SWE,2002,7.4869899749755895
Sweden,SWE,2003,7.83032989501953
Sweden,SWE,2004,4.01585006713867
Sweden,SWE,2005,4.67890977859497
Sweden,SWE,2006,5.0436100959777805
Sweden,SWE,2007,5.3503699302673295
Sweden,SWE,2008,5.567500114440921
Sweden,SWE,2009,6.3987898826599094
Sweden,SWE,2010,6.930170059204099
Sweden,SWE,2011,7.8790998458862305
Sweden,SWE,2012,6.31528997421265
Sweden,SWE,2013,5.826119899749759
Switzerland,CHE,1999,16.1506500244141
Switzerland,CHE,2000,16.575189590454098
Switzerland,CHE,2001,16.994850158691403
Switzerland,CHE,2002,17.2272701263428
Switzerland,CHE,2003,17.6630001068115
Switzerland,CHE,2004,18.221759796142603
Switzerland,CHE,2005,18.423999786377
Switzerland,CHE,2006,17.892770767211896
Switzerland,CHE,2007,17.979749679565398
Switzerland,CHE,2008,14.124890327453599
Switzerland,CHE,2009,14.924539566039998
Switzerland,CHE,2010,15.3616304397583
Switzerland,CHE,2011,16.221830368042
Switzerland,CHE,2012,16.495719909668
Switzerland,CHE,2013,16.859369277954098
Tajikistan,TJK,1999,5.201990127563481
Tajikistan,TJK,2000,4.6052999496460005
Tajikistan,TJK,2001,2.48087000846863
Tajikistan,TJK,2002,3.58729004859924
Tajikistan,TJK,2003,1.8011100292205802
Tajikistan,TJK,2004,1.6065399646759
Tajikistan,TJK,2005,0.672360002994537
Tajikistan,TJK,2006,0.6449099779129029
Tajikistan,TJK,2007,1.5741800069808998
Tajikistan,TJK,2008,1.58424997329712
Tajikistan,TJK,2009,1.6775499582290603
Tajikistan,TJK,2010,1.72715997695923
Tajikistan,TJK,2011,1.81852996349335
Tajikistan,TJK,2012,1.60041999816895
Tajikistan,TJK,2013,0.8557400107383729
Tajikistan,TJK,2014,0.553619980812073
Tajikistan,TJK,2015,0.830200016498566
Tanzania,TZA,2003,1.2754000425338703
Tanzania,TZA,2004,0.6403099894523621
Thailand,THA,1999,0.10373999923467599
Thailand,THA,2001,0.119670003652573
Thailand,THA,2002,0.18985000252723702
Thailand,THA,2004,0.18521000444889102
Thailand,THA,2005,0.183709993958473
Thailand,THA,2006,0.239509999752045
Thailand,THA,2007,0.34086999297142
Thailand,THA,2008,0.44916999340057395
Thailand,THA,2009,0.6768400073051449
Thailand,THA,2010,0.785139977931976
Thailand,THA,2011,0.80706000328064
Thailand,THA,2012,0.8356000185012821
Togo,TGO,2007,1.4122200012206998
Trinidad and Tobago,TTO,1999,13.259380340576199
Trinidad and Tobago,TTO,2000,16.3112297058105
Trinidad and Tobago,TTO,2001,14.058509826660199
Trinidad and Tobago,TTO,2002,10.177800178527802
Trinidad and Tobago,TTO,2004,5.78472995758057
Tunisia,TUN,1999,1.7528400421142598
Tunisia,TUN,2000,1.5307400226593
Tunisia,TUN,2001,1.2223500013351398
Tunisia,TUN,2002,1.0973700284957901
Tunisia,TUN,2003,0.831749975681305
Tunisia,TUN,2004,0.7733700275421139
Tunisia,TUN,2008,0.6949700117111209
Tunisia,TUN,2009,0.651380002498627
Tunisia,TUN,2010,0.5953099727630621
Tunisia,TUN,2011,0.5614299774169921
Tunisia,TUN,2012,0.531910002231598
Tunisia,TUN,2013,1.84828996658325
Turkey,TUR,1998,1.32389998435974
Turkey,TUR,1999,1.25188994407654
Turkey,TUR,2001,1.03621995449066
Turkey,TUR,2002,0.9731000065803531
Turkey,TUR,2003,0.663489997386932
Turkey,TUR,2004,0.775499999523163
Turkey,TUR,2005,0.86243999004364
Turkey,TUR,2006,0.814329981803894
Turkey,TUR,2007,0.7848299741745
Turkey,TUR,2008,0.798340022563934
Turkey,TUR,2009,0.7488300204277042
Turkey,TUR,2010,0.732089996337891
Turkey,TUR,2011,0.8152300119400021
Turkey,TUR,2012,0.8863999843597409
Turkey,TUR,2013,1.09305000305176
Turkmenistan,TKM,2014,0.19589999318122897
Uganda,UGA,2011,10.7326202392578
Ukraine,UKR,1999,1.0542299747466999
Ukraine,UKR,2001,0.660260021686554
Ukraine,UKR,2002,0.8062099814414979
Ukraine,UKR,2003,0.7912999987602231
Ukraine,UKR,2004,0.6337299942970279
Ukraine,UKR,2005,0.892899990081787
Ukraine,UKR,2006,0.9715200066566471
Ukraine,UKR,2007,1.05042004585266
Ukraine,UKR,2008,1.14382994174957
Ukraine,UKR,2009,1.2784500122070301
Ukraine,UKR,2010,1.42974996566772
Ukraine,UKR,2011,1.51101994514465
Ukraine,UKR,2012,1.8238899707794198
Ukraine,UKR,2013,2.25272989273071
Ukraine,UKR,2014,2.7975900173187296
United Arab Emirates,ARE,2011,42.8102607727051
United Arab Emirates,ARE,2012,44.5316009521484
United Arab Emirates,ARE,2013,44.6292304992676
United Arab Emirates,ARE,2014,44.8196601867676
United Kingdom,GBR,1998,10.810540199279801
United Kingdom,GBR,1999,11.1746501922607
United Kingdom,GBR,2000,11.0138702392578
United Kingdom,GBR,2001,10.9184303283691
United Kingdom,GBR,2002,10.1430397033691
United Kingdom,GBR,2003,11.156100273132301
United Kingdom,GBR,2004,13.3510103225708
United Kingdom,GBR,2005,13.918829917907699
United Kingdom,GBR,2006,14.129380226135302
United Kingdom,GBR,2007,14.875049591064501
United Kingdom,GBR,2008,14.6723299026489
United Kingdom,GBR,2009,15.2767696380615
United Kingdom,GBR,2010,15.729209899902301
United Kingdom,GBR,2011,16.8498497009277
United Kingdom,GBR,2012,17.1363697052002
United Kingdom,GBR,2013,17.4626293182373
United States,USA,1998,3.2428898811340297
United States,USA,1999,3.28218007087708
United States,USA,2000,3.59897994995117
United States,USA,2001,3.49501991271973
United States,USA,2002,3.66020011901855
United States,USA,2003,3.52953004837036
United States,USA,2004,3.3875300884246804
United States,USA,2005,3.4168400764465297
United States,USA,2006,3.34364008903503
United States,USA,2007,3.35536003112793
United States,USA,2008,3.42213010787964
United States,USA,2009,3.45802998542786
United States,USA,2010,3.35233998298645
United States,USA,2011,3.37629008293152
United States,USA,2012,3.52709007263184
United States,USA,2013,3.9275100231170694
Upper-middle-income countries,,1998,0.938979983329773
Upper-middle-income countries,,1999,0.963180005550385
Upper-middle-income countries,,2000,0.9732300043106079
Upper-middle-income countries,,2001,0.836160004138947
Upper-middle-income countries,,2002,0.7997499704360959
Upper-middle-income countries,,2003,0.714900016784668
Upper-middle-income countries,,2004,0.662899971008301
Upper-middle-income countries,,2005,0.627020001411438
Upper-middle-income countries,,2006,0.5964599847793579
Upper-middle-income countries,,2007,0.639450013637543
Upper-middle-income countries,,2008,0.685699999332428
Upper-middle-income countries,,2009,0.7013900279998779
Upper-middle-income countries,,2010,0.721780002117157
Upper-middle-income countries,,2011,0.731369972229004
Upper-middle-income countries,,2012,0.680019974708557
Upper-middle-income countries,,2013,0.710309982299805
Uruguay,URY,1999,0.94871997833252
Uzbekistan,UZB,2006,0.0527000017464161
Uzbekistan,UZB,2007,0.0859500020742416
Uzbekistan,UZB,2008,0.104340001940727
Uzbekistan,UZB,2009,0.12667000293731698
Uzbekistan,UZB,2010,0.14971999824047103
Uzbekistan,UZB,2011,0.136250004172325
Venezuela,VEN,2002,0.0225300006568432
Venezuela,VEN,2004,0.23547999560833
Venezuela,VEN,2008,0.0906900018453598
Vietnam,VNM,1999,0.062830001115799
Vietnam,VNM,2000,0.0849500000476837
Vietnam,VNM,2001,0.0882200002670288
Vietnam,VNM,2002,0.119290001690388
Vietnam,VNM,2003,0.126350000500679
Vietnam,VNM,2005,0.151559993624687
Vietnam,VNM,2007,0.203449994325638
Vietnam,VNM,2008,0.203160002827644
Vietnam,VNM,2009,0.237100005149841
Vietnam,VNM,2010,0.1613499969244
Vietnam,VNM,2011,0.16672000288963298
Vietnam,VNM,2012,0.17671999335289001
Vietnam,VNM,2013,0.160349994897842
Vietnam,VNM,2014,0.0943500027060509
World,OWID_WRL,1997,2.22192001342773
World,OWID_WRL,1998,2.15849995613098
World,OWID_WRL,1999,2.1110999584198002
World,OWID_WRL,2000,2.08047008514404
World,OWID_WRL,2001,2.02684998512268
World,OWID_WRL,2002,2.1038000583648704
World,OWID_WRL,2003,2.12824010848999
World,OWID_WRL,2004,2.05708003044128
World,OWID_WRL,2005,2.03976011276245
World,OWID_WRL,2006,1.97909998893738
World,OWID_WRL,2007,1.98716998100281
World,OWID_WRL,2008,2.0078899860382102
World,OWID_WRL,2009,2.03168988227844
World,OWID_WRL,2010,2.05607008934021
World,OWID_WRL,2011,2.05545997619629
World,OWID_WRL,2012,2.02929997444153
World,OWID_WRL,2013,2.04288005828857
Yemen,YEM,2007,2.7104499340057404
Yemen,YEM,2011,4.259099960327149
Zimbabwe,ZWE,2010,0.93435001373291
Zimbabwe,ZWE,2011,0.694649994373322
Zimbabwe,ZWE,2012,0.37441998720169106